5000000, 0, 0
5000000, 0, 0
4801564, 0, 198436
4695768, 0, 317388
4589366, 0, 425608
4482282, 0, 535420
4376365, 0, 635502
4269569, 0, 747572
4162727, 0, 854736
4055476, 0, 965259
3946270, 0, 1092060
3836761, 0, 1204599
3726660, 0, 1321212
3614528, 0, 1457716
3497971, 0, 1631798
3380459, 0, 1762680
3259764, 0, 1931120
3141827, 0, 2004929
3022329, 0, 2150964
2902680, 0, 2273331
2780060, 0, 2452400
2660714, 0, 2506266
2660714, 0, 2494170
2783804, 0, 2461800
2783804, 0, 2565480
2917807, 0, 2546057
2917807, 0, 2595590
2784713, 0, 2661880
2784713, 0, 2631560
2784713, 0, 2585480
2784713, 0, 2674600
2784713, 0, 2695840
2784713, 0, 2697640
2784713, 0, 2719780
2784713, 0, 2697960
2784713, 0, 2674920
2658031, 0, 2660322
2787806, 0, 2595500
2787806, 0, 2591860
330546, 0, 4914520
-4440894, 0, 9542880
-14100174, 0, 19318560
-33632174, 0, 39064000
-72744494, 0, 78224640
-152210734, 0, 158932480
-311996974, 0, 319572480
12165913, 0, 3714233
12093416, -448419, 4297557
12014039, -901022, 4901464
11939531, -1334496, 5323235
11869366, -1783116, 5804370
11800477, -2232255, 6312915
5934959, -2711136, 12634748
-6020771, -3130736, 24805956
12073853, -3595520, 7784640
4944302, -4046301, 15158280
-9481759, -4484190, 29748960
-39837654, -4153455, 59788800
-101260598, -3757312, 121906560
13113624, -3298981, 8340735
12234889, -2895546, 8979264
11623963, -2391660, 9148986
2374379, -1925084, 17536626
10814370, -1449267, 8923080
1749626, -961046, 17168442
-14314311, -476837, 31174200
-44351243, 0, 59152320
-104421330, 465679, 119208816
-229026283, 953426, 248256480
-467199843, 1480200, 475360320
-964918371, 1525929, 995437056
-1916449071, 2687550, 1900911360
-1916452838, 2226952, 1980712569
-2147483648, 4358656, -418141330
-2147483648, -98531640, -341318155
-2147483648, -202233120, -282878656
-2147483648, -308493598, -118811648
-2147483648, -415236750, 27088162
-2147483648, -524490953, 102518258
-2147483648, -632856992, 319514279
-2147483648, -727580997, 359641016
-2147483648, -832004265, 531376121
-2147483648, -922658660, 594354221
-2147483648, -1029214622, 620660400
-2147483648, -1147521480, 613644160
-2147483648, -1242437184, 516946862
-2147483648, -1360595297, 722167904
-2147483648, -1393208028, 946232114
-2147483648, -1297748280, 1022085464
-2147483648, -1211586678, 1191279269
-2147483648, -1084204940, 1366318019
-2147483648, -932741950, 1291646195
-2147483648, -894553440, 1548881269
-2147483648, -746641310, 1480244540
-2147483648, -707403510, 1435301395
-2147483648, -710138000, 1516772145
-2147483648, -670466192, 1437394092
-2147483648, -690586000, 1269012931
-2147483648, -780434368, 1281788438
-2147483648, -823187176, 1179863666
-2147483648, -873239283, 862126152
-2147483648, -993471843, 732529640
-2147483648, -1097284689, 645905506
-2147483648, -1150967370, 801264369
-2147483648, -1248641602, 802053692
-2147483648, -1297460528, 656769029
-2147483648, -1394385300, 780723984
-2147483648, -1381005792, 905452247
-2147483648, -1312059978, 1173678520
-2147483648, -1143619895, 1207353907
-2147483648, -1042312569, 1171761413
-2147483648, -1009699222, 991038708
-2147483648, -1083254032, 939532025
-2147483648, -1145672910, 943210168
-2147483648, -1175437530, 895301870
-2147483648, -1214174000, 841694454
-2147483648, -1260331904, 852780684
-2147483648, -1277953820, 984181656
-2147483648, -1221187225, 948838328
-2147483648, -1210301456, 1109142684
-2147483648, -1124379300, 1153573682
-2147483648, -1059843646, 1459264911
-2147483648, -874197912, 1439785728
-2147483648, -791297825, 1539929576
-2147483648, -699442932, 1580037972
-2147483648, -633461412, 1506281288
-2147483648, -637338702, 1476623373
-2147483648, -654292440, 1440772556
-2147483648, -681219144, 1745279114
-2147483648, -542367849, 1820399864
-2147483648, -434948899, 1776724279
-2147483648, -402908832, 1993146632
-2147483648, -278974233, 2034864044
-2147483648, -196261669, 1969773935
-2147483648, -187540824, 2057483836
-2147483648, -139267107, 2018895556
-2147483648, -134217720, 1982092304
-2147483648, -147171047, 2021916944
-2147483648, -290941980, 1983611416
-2147483648, -570503548, 1800491898
-2147483648, -1155546482, 1778019870
-2147483648, -763065344, 1779475400
-2147483648, -1515750278, 1738365554
-2147483648, -962525410, 1590137009
-2147483648, -1890264420, 1567868864
-1138734891, 528659344, 1422580151
-2147483648, 492568388, 406212488
-2147483648, 1138761016, 352162356
-2147483648, -1932412624, 330920742
-2147483648, -160678693, 196625436
-2147483648, 872170792, 118809414
-2147483648, 1055719304, 68979876
-2147483648, -1723737080, 29300855
-2147483648, 787066674, -124915060
-2147483648, 1540623848, -183108422
-2147483648, 129196402, -214972846
-2147483648, -1107502378, -303795296
-2147483648, -475798260, -446349099
-2147483648, -2002454048, -572051819
-2147483648, 1892214496, -757061760
-2147483648, -1691866112, -506231280
-2147483648, -1654145499, -688218375
-2147483648, -296531810, -872615877
-2147483648, 2041052624, -993691038
-2147483648, -550318912, -550079712
-2147483648, -1094808914, -710818065
-2147483648, -1283035234, -867263013
-2147483648, -1457455377, -1058886351
-2147483648, -1662688224, -1278088614
-2147483648, -1925559168, -1483972536
-2147483648, 2134552226, -1689532152
-2147483648, -851268888, -851346468
-2147483648, -1004714092, -1009855680
-2147483648, -1163416532, -1203560214
-2147483648, -1358165210, -1417806105
-2147483648, -1573678800, -1629662787
-2147483648, -1808478864, -1810617754
-2147483648, -2036510268, -2034119570
-2147483648, 1983373231, 1961053384
-2147483648, 2062518664, 2004790544
-2147483648, 2141562370, 2098598412
-2147483648, -2015868235, -2015759192
-2147483648, 2007709702, 1982280832
-2147483648, 2030483061, 1999782074
-2147483648, 2089208300, 2039502286
-2147483648, -2073593492, 2147281518
-2147483648, -1036991160, -1036947038
-2147483648, -1212832935, -1184676716
-2147483648, -1396179423, -1357455519
-2147483648, -1582265580, 1629270360
-2147483648, -1050576176, -1050315240
-2147483648, -2065938940, -2005357304
-2147483648, 211550920, 1858026524
-2147483648, 458797552, -38959648
-2147483648, 431061888, -107728670
-2147483648, 1051031040, -178370290
-2147483648, -638160440, -238826964
-2147483648, -1253580540, -365042535
-2147483648, -1556006688, -512595664
-2147483648, -1765396210, -691714772
-2147483648, -1941488892, -867656324
-2147483648, 2107437945, -1080333369
-2147483648, -561027852, -560347920
-2147483648, -700283585, -681619488
-2147483648, -869408750, -861896523
-2147483648, -1042233524, -1015855368
-2147483648, -1211384055, -1227424682
-2147483648, -1414990912, -1449883369
-2147483648, -1632709970, -1634045365
-2147483648, -1869385300, -1826185164
-2147483648, -2079146510, -2050049490
-2147483648, 2021952951, 1986629672
-2147483648, 2024344858, 2019904942
-2147483648, 2104251481, 2082262163
-2147483648, -2146508949, -2128062720
-2147483648, 1913707208, 1881210436
-2147483648, 1946721152, 1843489906
-2147483648, 1980779322, 1925235204
-2147483648, 2069139692, 1994028340
-2147483648, 2094717972, 2056380736
-2147483648, 2136373049, 2082676117
-2147483648, -2109563606, 2145848264
-2147483648, -1055804972, -1055614356
-2147483648, -1214012646, -1230898272
-2147483648, -1340779388, -1387063641
-2147483648, -1540978832, -1576464120
-2147483648, -1787345147, -1875086311
-2147483648, -2035964950, -2134557845
-2147483648, 2063041408, 1931442400
-2147483648, 2143798941, 1931908444
-2147483648, -2072951784, 2012213637
-2147483648, -1104614280, -1104195939
-2147483648, -1274992929, -1282324575
-2147483648, -1474710755, -1480581160
-2147483648, -1696997664, -1686301605
-2147483648, -1925235360, -1840856436
-2147483648, 2116437196, -2081948605
-2147483648, -1057431333, -1056694728
-2147483648, -1215108864, -1231213580
-2147483648, -1413916498, -1427643945
-2147483648, -1602322596, -1654802443
-2147483648, -1840072860, -1882814535
-2147483648, -2070399558, -2100800592
-2147483648, 2002014616, 1916034712
-2147483648, 2061085714, 2007886941
-2147483648, -2123251108, -2144497194
-2147483648, 102962507, 1880542984
-2147483648, -82384836, -82028476
-2147483648, -177430880, -174766785
-2147483648, -279847863, -273502388
-2147483648, -397812086, -388810257
-2147483648, -516323604, -505110949
-2147483648, -647017742, -664030080
-2147483648, -788204912, -827351755
-2147483648, -926106292, -981955674
-2147483648, -1093918224, -1159517802
-2147483648, -1272774916, -1323757605
-2147483648, -1402881186, -1478860754
-2147483648, -1578396600, -1618278662
-2147483648, 1406714536, -1771699460
-2147483648, -1887023458, -1256361200
-2147483648, 1648920574, 1834985920
-2147483648, 1655983017, 1841195017
-2147483648, 1595243776, 1849099686
-2147483648, 1548266464, 1807489920
-2147483648, 1542692011, 1656728272
-2147483648, 1463008216, 1596899422
-2147483648, 1629105160, 1563765262
-2147483648, 1625763484, 1642243891
-2147483648, 1678755607, 1606793302
-2147483648, 1609336096, 1731531386
-2147483648, 1681494316, 1672567665
-2147483648, 1625453680, 1577443748
-2147483648, 1658027471, 1687749916
-2147483648, 1581937740, 1545270352
-2147483648, 1669711218, 1612451946
-2147483648, 1642465708, 1445661976
-2147483648, 1612206358, 1341553746
-2147483648, 1391579528, 1251869946
-2147483648, 1354148032, 1244116492
-2147483648, 1354026804, 1278625656
-2147483648, 1343735792, 1161580696
-2147483648, 1228029531, 1128544064
-2147483648, 1225945656, 1133123392
-2147483648, 1112613031, 1145515296
-2147483648, 1335298868, 1252073920
-2147483648, 1300241472, 1207379496
-2147483648, 1190540586, 1170242368
-2147483648, 1167796216, 1246660633
-2147483648, 1241063193, 1336965002
-2147483648, 1255006318, 1282385465
-2147483648, 1328188360, 1296399566
-2147483648, 1400609060, 1356408222
-2147483648, 1422640513, 1366091346
-2147483648, 1401200455, 1225197242
-2147483648, 1261781668, 1129559971
-2147483648, 1309870489, 1171186866
-2147483648, 1346862868, 1248483646
-2147483648, 1320215766, 1214066398
-2147483648, 1231932128, 1230665236
-2147483648, 1292831500, 1322513752
-2147483648, 1271540432, 1310545388
-2147483648, 1239666892, 1366287466
-2147483648, 1044219584, 1357858979
-2147483648, 1019777735, 1369797511
-2147483648, 962638830, 1399508290
-2147483648, 813433578, 1212469624
-2147483648, -60950799, -1911563492
-2147483648, -226326647, 477778608
-2147483648, -302830632, 983225760
-2147483648, -373624825, -1157301088
-2147483648, -524341656, -1839373748
-2147483648, -709708923, -2130209712
-2147483648, -901342728, 2008616762
-2147483648, -520605124, -520209333
-2147483648, -639743775, -642635390
-2147483648, -776140434, -767848325
-2147483648, -911496950, -912785940
-2147483648, -1081139884, -1048931974
-2147483648, -1245443762, -1242982080
-2147483648, -1450809723, -1417761488
-2147483648, -1668270750, -1661228442
-2147483648, -1977022904, -1866021132
-2147483648, 2062293501, -2069886275
-2147483648, -1077742856, -1077558736
-2147483648, -1247674848, -1282103746
-2147483648, -1417537315, -1491997864
-2147483648, -1613469400, -1716436764
-2147483648, -1759534546, -1916385838
-2147483648, 812069108, 2089998136
-2147483648, 788174156, 2134751161
-2147483648, 752537329, -2129071376
-2147483648, 1514127447, -1762165808
-2147483648, -1283932352, -1197950216
-2147483648, 1979619154, -1368795597
-2147483648, -269801180, -768538638
-2147483648, -177581560, -869334928
-2147483648, 228913272, -1726976790
-2147483648, 271214321, 836419126
-2147483648, 1430416090, 1959554132
-2147483648, 801067041, 1881321462
-2147483648, 1416363518, 2073905064
-2147483648, 1538887616, 1883146016
-2147483648, 1319172424, 1949695101
-2147483648, 434008622, 1929023357
-2147483648, -605415219, 1900533041
-2147483648, -1843655114, -703074570
-2147483648, 1800591448, -1076572200
-2147483648, 109834184, -184601544
-2147483648, 568933856, 2081414003
-2147483648, -808520410, -1994372823
-2147483648, -291347018, 2030288235
-2147483648, 1769772112, -1895128952
-2147483648, -1136460780, -7984560
-2147483648, 2042328856, 1292503560
-2147483648, 2049774520, 1884188324
-2147483648, -2135525888, -39053502
-2147483648, 79489728, 829324728
-2147483648, -619973004, -487091856
-2147483648, -746761080, 205258672
-2147483648, -867699459, -1016124128
-2147483648, -1028568814, 978165248
-2147483648, -1099167462, 2093657216
-2147483648, -576657380, 2119490439
-2147483648, -302474140, 2021928010
-2147483648, -214170315, -66449245
-2147483648, -314611440, -1498080700
-2147483648, -473184720, -882787384
-2147483648, -611246840, 1812222870
-2147483648, -473374044, -1652728172
-2147483648, -658714992, 1345062266
-2147483648, -719598490, 1617911450
-2147483648, -625051057, 2039694906
-2147483648, -367400250, -476756266
-2147483648, -489067136, 1023618398
-2147483648, -550826674, -584557480
-2147483648, -680161535, -459184218
-2147483648, -822685208, -567680324
-2147483648, -950894535, 961840216
-2147483648, -1017239742, -1960519140
-2147483648, -1208994549, -1655416837
-2147483648, -1423299717, 373920766
-2147483648, 1482145972, -1651670192
-2147483648, -1274147804, -1244967806
-2147483648, 2078305200, 1901018016
-2147483648, 1921966749, 915917392
-2147483648, 1872512288, 345194406
-2147483648, 1913950443, 35106445
-2147483648, -249540046, 28267936
-2147483648, -149689400, -66882468
-2147483648, -1588698784, -163835920
-2147483648, 1802866016, -325915730
-2147483648, 720074080, -335411550
-2147483648, -808009088, -410969169
-2147483648, -981699840, -554392368
-2147483648, 556212736, -691530300
-2147483648, 2091449344, -771974649
-2147483648, 2074706944, -414154875
-2147483648, -2083584000, -243657488
-2147483648, -1442603008, -424569292
-2147483648, -1422663680, -582513031
-2147483648, 1485340672, -751277328
-2147483648, -295829504, -706842433
-2147483648, -1160773632, -849235075
-2147483648, 1815871488, -1010737169
-2147483648, -181665792, -671319243
-2147483648, 1085237120, -778028976
-2147483648, -2061763745, -864212544
-2147483648, -184693616, -1063273284
-2147483648, -2140382032, -1207048320
-2147483648, 504372905, -1443649143
-2147483648, 778118424, -1530139584
-2147483648, -1969676373, -1449792432
-2147483648, 88954496, -1683135036
-2147483648, -954542787, -1855242620
-2147483648, -1379832442, -2068112376
-2147483648, -641365444, 1909265446
-2147483648, -440535874, -439864880
-2147483648, -922989001, -578420627
-2147483648, 1980830881, -722167830
-2147483648, -646945523, -444608871
-2147483648, 1708332282, -575086652
-2147483648, 1051037257, -507219405
-2147483648, -1785592534, -571318440
-2147483648, -930569068, -751156032
-2147483648, -1417164213, -902235748
-2147483648, -1959594401, -1079447529
-2147483648, -1725054845, -1308862128
-2147483648, -1112921532, -1505540635
-2147483648, 811254528, -1663016895
-2147483648, 1272782000, -1499706999
-2147483648, 519764224, -1187397596
-2147483648, 617716386, -1281840420
-2147483648, -212289202, -1404429184
-2147483648, -303172532, -1554630996
-2147483648, 835683884, -1672027608
-2147483648, -1945676112, -1492023148
-2147483648, -236066462, -1741687976
-2147483648, 320509328, -1894114000
-2147483648, 215142072, -1860675570
-2147483648, -1603334164, -1896519622
-2147483648, 81051662, -2101664964
-2147483648, 961044344, 124663156
-2147483648, -971557126, -530891088
-2147483648, -1198074688, -675198104
-2147483648, 1480608622, -839530264
-2147483648, -650016644, -1654341238
-2147483648, 1739209992, 975589044
-2147483648, 283332924, 799461598
-2147483648, 262178207, -532467117
-2147483648, 177224228, -639325071
-2147483648, 69552504, -740527744
-2147483648, -42418495, -859192820
-2147483648, -164318056, -986641920
-2147483648, -293523624, -1097389512
-2147483648, -436806800, -1239164238
-2147483648, -589703919, -1402460622
-2147483648, -745206400, -1535062502
-2147483648, -926947296, -1708747677
-2147483648, -1122215725, -1885341576
-2147483648, -1341163938, -2125895932
-2147483648, -1553657160, 1922957875
-2147483648, -889664880, -889286520
-2147483648, -1042965532, -1056026840
-2147483648, -1216017074, -1223319205
-2147483648, -1419729540, -1425016100
-2147483648, -1644002018, -1635689160
-2147483648, -1870929264, -1834742790
-2147483648, -2120701040, -2103141976
-2147483648, 1905989782, 1930892632
-2147483648, 1990484689, 1981181094
-2147483648, 1994874292, 1996971148
-2147483648, 2075662668, 2026260167
-2147483648, -2128172220, 2071156688
-2147483648, -1102309637, -1102289413
-2147483648, -1287454080, -1304457718
-2147483648, -1465419400, -1494101427
-2147483648, -1671178616, -1696329195
-2147483648, 980256848, -1910673758
-2147483648, -1539687450, -1539108984
-2147483648, -1756355944, -1750812056
-2147483648, -1988924408, -1949481608
-2147483648, 366524104, -2132468028
-2147483648, 709119912, -1956875328
-2147483648, 1424096080, -1697629780
-2147483648, -1306774016, 999557176
-2147483648, 2044768576, -1227449009
-2147483648, -1020704640, -665172018
-2147483648, -1093323264, -812370325
-2147483648, -1133899264, -1583070450
-2147483648, -1531281408, 1097714276
-2147483648, -657260544, -1984695184
-2147483648, -1307185152, 601162368
-2147483648, -863830016, 1409771456
-2147483648, 1978475361, -1066396544
-2147483648, -385412334, -2144668207
-2147483648, -1446686396, 1547351770
-2147483648, 2055340200, 1450236519
-2147483648, -193284006, 2032934816
-2147483648, -154065664, -692148228
-2147483648, -275447702, 1602077352
-2147483648, -307130925, 145297415
-2147483648, -401460044, -1154743070
-2147483648, -553462320, -1358203093
-2147483648, -728110890, -1504028211
-2147483648, -911894125, -1660757280
-2147483648, -1100248992, -1893259200
-2147483648, -1291814951, -2057142451
-2147483648, -1487184480, 2145163600
-2147483648, -745299022, -745013560
-2147483648, -877848863, -1461235184
-2147483648, -1054746368, 1409197760
-2147483648, -897456830, -1543667864
-2147483648, -1061278164, 1268539977
-2147483648, -970687206, -1523568796
-2147483648, -1150529226, 946245652
-2147483648, -1177012860, -1982355368
-2147483648, -1406450568, -57875184
-2147483648, -1496246619, -144111936
-2147483648, 1304027820, -373527552
-2147483648, -1508760248, 329411968
-2147483648, 1170105040, 2015006464
-2147483648, 1165654881, 1733725640
-2147483648, 1110897516, 668649873
-2147483648, -1616253256, 135656108
-2147483648, 1422432032, 1587238168
-2147483648, 1307117520, 578559878
-2147483648, 1247435212, -1059476988
-2147483648, -14925008, 136621704
-2147483648, 1779998944, -1337604848
-2147483648, 101819968, -1166730432
-2147483648, 1049197504, -1606458282
-2147483648, -2132293888, -1352639870
-2147483648, -1704689988, -1571446560
-2147483648, 609228480, -1778626990
-2147483648, 174830748, 921787388
-2147483648, -618918360, 1788898784
-2147483648, -308154784, -488770580
-2147483648, 719432572, -959013752
-2147483648, 399198902, -1064739299
-2147483648, -9462030, -1200356600
-2147483648, 135186920, -1328511340
-2147483648, 316855536, -1466401708
-2147483648, -378595985, -1597904616
-2147483648, 720027979, -1797512934
-2147483648, -624110932, -1612685586
-2147483648, 441446658, -1817300647
-2147483648, -1854430723, -1761919236
-2147483648, -1692775221, -1992883392
-2147483648, -39470265, 2034388997
-2147483648, -1071437791, -76538664
-2147483648, 1330820520, -210573660
-2147483648, 230309142, -252075435
-2147483648, -1565478551, -337929616
-2147483648, -370600566, -508481750
-2147483648, -910765142, -627663051
-2147483648, -388445996, -760608459
-2147483648, -1817282850, -896635225
-2147483648, -215011306, -1083218208
-2147483648, -1177270536, -1229820144
-2147483648, 2093144576, -1423173024
-2147483648, 1145580160, -739003806
-2147483648, -990183832, -811962606
-2147483648, 139968896, -961258312
-2147483648, 1771080118, -1086269420
-2147483648, -822192024, -731446868
-2147483648, 1410508090, -876405376
-2147483648, -209497446, -1715736960
-2147483648, -881503972, 818524330
-2147483648, -38320720, 1719454112
-2147483648, -5299480, -863684912
-2147483648, 955565025, -1687835864
-2147483648, -195776673, 493452608
-2147483648, -526722666, -924952821
-2147483648, 212025784, -1066434677
-2147483648, 552711504, -1210809505
-2147483648, -1013751139, -1367488500
-2147483648, 1761996505, -1563867537
-2147483648, -116101718, -974767770
-2147483648, -656605917, -1101205820
-2147483648, 852010442, -1267809618
-2147483648, 946263435, -1281939048
-2147483648, 691248358, -1241640611
-2147483648, 1325997356, -1349247792
-2147483648, 952806954, -1085379840
-2147483648, 4342856, -1140145443
-2147483648, -527348864, -1276512816
-2147483648, -1772310304, -1451387308
-2147483648, 470257073, -1674813780
-2147483648, -1723452332, -1676293991
-2147483648, 1979284896, -1895408400
-2147483648, 1228212103, -1032099138
-2147483648, 1876644792, -975867816
-2147483648, 786007902, -623584346
-2147483648, 703940832, -711778716
-2147483648, -1863529416, -793941120
-2147483648, 1147854908, -970737471
-2147483648, -2044222882, -985411369
-2147483648, -1794559550, -1199034678
-2147483648, -2125262816, -1451325271
-2147483648, 904247282, -1710139935
-2147483648, 1349488576, -1476951685
-2147483648, 1755833315, -1137608493
-2147483648, 412648992, -764922191
-2147483648, 828267938, -871044496
-2147483648, -2093510372, -961705599
-2147483648, -286196728, -1173274420
-2147483648, -257269928, -1277029225
-2147483648, 656432956, -1426476189
-2147483648, 1264043948, -1458958336
-2147483648, -735105507, -1171374920
-2147483648, -962173808, -1350823930
-2147483648, 1393962920, -1580880631
-2147483648, 1458955415, -1167326496
-2147483648, 1361364576, -928170892
-2147483648, -1788504010, -857476536
-2147483648, -79752301, -1043273472
-2147483648, -1263668770, -1168589313
-2147483648, -590201856, -1326423156
-2147483648, 1033736081, -1513837403
-2147483648, 2076239902, -1313853865
-2147483648, 436762626, -692553888
-2147483648, 2037364788, -784434926
-2147483648, 1607115303, -447571305
-2147483648, -44610302, -494171760
-2147483648, -1685075192, -599979776
-2147483648, 849475270, -768438380
-2147483648, 450042471, -863399616
-2147483648, 1996258340, -966400232
-2147483648, 1685083036, -558828875
-2147483648, -2094163000, -510623291
-2147483648, 1637908384, -702474564
-2147483648, -1485609538, -606373920
-2147483648, -1753346436, -772918354
-2147483648, 1015006068, -970598226
-2147483648, 48703076, -1051939124
-2147483648, -58440592, -1177900256
-2147483648, 631157714, -1241441652
-2147483648, -2009233183, -1373935784
-2147483648, 37217928, -1682711972
-2147483648, -1653910656, -1809686350
-2147483648, -175712848, -2003898042
-2147483648, -1089950960, 561198484
-2147483648, -1210095892, -1338218070
-2147483648, 2097820096, -1540834792
-2147483648, -3275380, 1318061280
-2147483648, -696177180, -416558984
-2147483648, 1877029056, -546458220
-2147483648, -640538815, -1084660800
-2147483648, 313432754, -2045967600
-2147483648, 1966118960, 248405863
-2147483648, -1191725954, 155769256
-2147483648, 54687876, 555113772
-2147483648, -1730994160, 1645332344
-2147483648, -1459746349, -265840888
-2147483648, -1749376430, 1166916000
-2147483648, 183459281, -2126966496
-2147483648, -1469509205, 1835419072
-2147483648, -335708512, 369699328
-2147483648, 438309508, -205259505
-2147483648, -1627257536, -957290100
-2147483648, -640518866, -1871419872
-2147483648, -1628097512, 705798112
-2147483648, 36494664, -1535169204
-2147483648, 1418743441, -1706226930
-2147483648, 1288582690, -1217810790
-2147483648, 127430564, -1038768016
-2147483648, 949298628, -1108161648
-2147483648, 1946723104, -1153325678
-2147483648, -73922084, -677066055
-2147483648, 1161044283, -818487400
-2147483648, 542200982, -883471626
-2147483648, 1999067338, -991903959
-2147483648, 1842210854, -570212610
-2147483648, 422850232, -438042390
-2147483648, -1110014134, -523633344
-2147483648, 213652223, -684780761
-2147483648, 827876414, -789027468
-2147483648, 1000596632, -871092224
-2147483648, 1892050570, -975771874
-2147483648, -61684267, -615812260
-2147483648, 662414620, -749464128
-2147483648, 1400546633, -837301072
-2147483648, -1381914536, -792453276
-2147483648, -1447783399, -960236784
-2147483648, -467616008, -1160657019
-2147483648, -1895521745, -1327626592
-2147483648, 214398545, -1538130573
-2147483648, -1506337124, -1661013396
-2147483648, -894488604, -1929301524
-2147483648, 1206257158, 2089448631
-2147483648, 573045044, 2135904017
-2147483648, 280374480, -2123052191
-2147483648, 117738668, -1995175802
-2147483648, -41275624, -2012805880
-2147483648, -208505475, -2101173935
-2147483648, -386630748, 2065972784
-2147483648, -235090114, -234083619
-2147483648, -342511770, -340289650
-2147483648, -459246216, -447904338
-2147483648, -586729238, -580884143
-2147483648, -742254156, -752813552
-2147483648, -888750720, -897864183
-2147483648, -1037315559, -1040565996
-2147483648, -1216466248, -1220586360
-2147483648, -1409213589, -1406637588
-2147483648, -1640456172, -1620125892
-2147483648, -1885922829, -1862192178
-2147483648, -2112260760, -2073959200
-2147483648, 1903463896, 1962815656
-2147483648, 1923724096, 2052085410
-2147483648, 1943037419, 2057177941
-2147483648, 2044117165, -2099747936
-2147483648, -1102541836, -1101610462
-2147483648, -1230372144, -2076405310
-2147483648, 1952447584, 433712056
-2147483648, 1855123832, 17619158
-2147483648, -445320598, 229023600
-2147483648, -712900680, 640259496
-2147483648, -1543409192, 859707216
-2147483648, 1667926368, -1592994560
-2147483648, 653971808, 1457772416
-2147483648, -1524040640, -751392768
-2147483648, 2081995080, 1460097280
-2147483648, 2062246724, -1816255296
-2147483648, -951219612, -1078372052
-2147483648, -1144860168, -2088585183
-2147483648, -1367962484, 1943571565
-2147483648, -787069680, -786042432
-2147483648, -923419328, -920653902
-2147483648, -1087159656, -1085250298
-2147483648, -1283937714, -1292789773
-2147483648, -1505343840, -1513247076
-2147483648, -1712841962, -1754642916
-2147483648, -1946805184, -1978724891
-2147483648, -2138527616, 2130533955
-2147483648, -1078202674, -1077887088
-2147483648, -1242895755, -1256074560
-2147483648, -1422883224, -1433065933
-2147483648, 1534701784, -1588658106
-2147483648, -1259548160, -1101055680
-2147483648, 1709544864, -1282308720
-2147483648, -860610786, -860346676
-2147483648, -1025515020, -1046321380
-2147483648, -1200754704, -1242051345
-2147483648, -1402206696, -1426934600
-2147483648, -1582994356, -1623453756
-2147483648, -1802258980, -1848198168
-2147483648, -2006414260, -2064391794
-2147483648, 320347134, 2015093036
-2147483648, 312708938, 2021130224
-2147483648, 470779954, -2107356966
-2147483648, 1031782130, 136670296
-2147483648, -1822325208, 572490872
-2147483648, -351788720, 381862816
-2147483648, -101005360, 1022196416
-2147483648, 1377502144, -254344800
-2147483648, 1249724544, -775509248
-2147483648, 1661950464, 156065024
-2147483648, 1299567616, -1587243169
-2147483648, 533603328, -2074760616
-2147483648, -7562259, -1193552140
-2147483648, 548377206, 1581838344
-2147483648, -1747550196, -1314636950
-2147483648, -94587646, -665009688
-2147483648, -1790409760, 1202613896
-2147483648, -406736744, -1889739504
-2147483648, -1081691240, -531170816
-2147483648, 734498024, 712780724
-2147483648, 2046852068, -1703367496
-2147483648, -1434909016, -1351156564
-2147483648, -1820208432, 794199408
-2147483648, 89861100, -327458368
-2147483648, -61268306, -797924560
-2147483648, -1612650726, -1494068112
-2147483648, -1682847874, 816164002
-2147483648, -1573234794, -1452857184
-2147483648, 665271632, 1724427140
-2147483648, -1832609505, 413544588
-2147483648, 511492656, 1243420512
-2147483648, -1184654049, -605394648
-2147483648, -134747730, -1491489804
-2147483648, 1923600296, 953329934
-2147483648, 618428140, 631129116
-2147483648, 1495020632, 705572358
-2147483648, 1847824074, -1894615860
-2147483648, -1787013021, -468399536
-2147483648, -564569021, 1545045407
-2147483648, 499348692, -1956937120
-2147483648, 696002424, 1668631711
-2147483648, 1381294768, -1730774990
-2147483648, 1228847776, 1419291818
-2147483648, -1500157918, 465937188
-2147483648, 1233594354, -806952329
-2147483648, -1692323809, -604808268
-2147483648, 1218160040, -1408391904
-2147483648, -1609766932, -1288468486
-2147483648, 1320189604, 1794310252
-2147483648, -735838462, 483247394
-2147483648, -405396475, 381887965
-2147483648, 1565650573, 295043328
-2147483648, -620620208, 297545048
-2147483648, 130262402, 191431421
-2147483648, -215232922, 123622776
-2147483648, -1306928484, 39759462
-2147483648, -1361652153, -96585168
-2147483648, -121507838, -243614298
-2147483648, 1348057310, -336298396
-2147483648, -1598049478, -388435712
-2147483648, -1518868700, -555505216
-2147483648, 1384661196, -747923550
-2147483648, 908629090, -755604070
-2147483648, 1956231272, -856681352
-2147483648, 61342284, -524375370
-2147483648, 377238152, -638438017
-2147483648, 1825035469, -722317439
-2147483648, -1691814060, -522429626
-2147483648, -1779272576, -707911055
-2147483648, -1236315810, -859522934
-2147483648, -11424348, -1033046492
-2147483648, -1375369312, -1164984590
-2147483648, 1676597743, -1394522504
-2147483648, -1794306282, -932899416
-2147483648, -1340931508, -1167724168
-2147483648, 285895808, -1405923596
-2147483648, -2079611154, -1470496724
-2147483648, -1554429941, -1723316630
-2147483648, 1777946544, -2004465078
-2147483648, 846868894, -1187002254
-2147483648, -1406203704, -1244238173
-2147483648, -1354163170, -1456631505
-2147483648, -1089061919, -1646274308
-2147483648, 1574236922, -1898879400
-2147483648, -68347162, -1236328016
-2147483648, -819197280, -1400542493
-2147483648, -1461922178, -1590021640
-2147483648, -669149732, -1763470116
-2147483648, 1535222806, -1970771922
-2147483648, 53865344, -1291850499
-2147483648, -613232331, -1460771351
-2147483648, 709802600, -1644043185
-2147483648, -1210089310, -1540877999
-2147483648, -588264088, -1765710500
-2147483648, -527738005, -1926369798
-2147483648, 1369778728, -2069319824
-2147483648, -1393271518, -1424065580
-2147483648, -1839827648, -1563786360
-2147483648, 1823234568, -1775980008
-2147483648, -376503721, -1050621513
-2147483648, 1687250336, -1224671382
-2147483648, -238223088, -842987735
-2147483648, -801788737, -971144460
-2147483648, -1307121251, -1139208389
-2147483648, -749337304, -1307126282
-2147483648, -700936238, -1470578661
-2147483648, 426120384, -1642059900
-2147483648, 1825631036, -1681951889
-2147483648, -422990152, -1002261312
-2147483648, 695255134, -1961005670
-2147483648, -1610763462, -1706826816
-2147483648, 1898101834, 970132036
-2147483648, -460699384, 1080602536
-2147483648, -973869881, -2100738704
-2147483648, -1196647954, -238214112
-2147483648, 1463310572, -1157657664
-2147483648, 970109227, -1519813248
-2147483648, 1460249594, -21144320
-2147483648, -1815246620, -1947420672
-2147483648, 771479597, 1116312576
-2147483648, 979249717, 1804910592
-2147483648, 98490840, -702830098
-2147483648, 442205018, -578185598
-2147483648, 1213962288, -1565810479
-2147483648, -652549149, -1229170344
-2147483648, 1983470463, 1419162700
-2147483648, 1930816105, 1393113678
-2147483648, -101019868, -51987768
-2147483648, -226588750, -1591568940
-2147483648, -1738341556, -1982848470
-2147483648, 58591244, 446855456
-2147483648, 1172220114, 788588362
-2147483648, -523680028, 1934957644
-2147483648, 1436043928, -654733488
-2147483648, -1172602909, 188678704
-2147483648, -868678091, -1862401933
-2147483648, -1562938776, 1983797046
-2147483648, 1431545840, 1318515576
-2147483648, -263853392, -1927813898
-2147483648, 2041223584, -1189308852
-2147483648, 440200380, 1218117372
-2147483648, 465997119, -1562637072
-2147483648, 1454901237, -1149948979
-2147483648, -1603638520, 278097892
-2147483648, 1963523840, 1035254200
-2147483648, -1347381077, 1231168404
-2147483648, -308675808, -355568332
-2147483648, -556790930, -1331565736
-2147483648, 2072174331, 1198698640
-2147483648, -1886814314, 676131128
-2147483648, -348075023, -1770839488
-2147483648, 1684036299, 602643024
-2147483648, 1273074054, 1311053344
-2147483648, 1707175168, -18506652
-2147483648, 1865285176, -229833318
-2147483648, 619507164, -253829444
-2147483648, -891375540, -325612207
-2147483648, -1034278168, -453895332
-2147483648, -2020507544, -598671680
-2147483648, 317209776, -783275049
-2147483648, 723620928, -898712184
-2147483648, 1397620416, -983778390
-2147483648, -1761927993, -867125032
-2147483648, 1754646030, -1037770880
-2147483648, 1512017633, -715343625
-2147483648, 1625049822, -675638172
-2147483648, 2147346844, -599359564
-2147483648, 302473400, -300126944
-2147483648, 1056626448, -588427888
-2147483648, 499169521, -1182308000
-2147483648, -225736500, 2011644096
-2147483648, 1605597492, -242217472
-2147483648, -1730250736, -356403456
-2147483648, 429172048, -5802496
-2147483648, -1684524640, 4242432
-2147483648, 939017541, -462751744
-2147483648, -1005106144, -1857826816
-2147483648, 1825401692, -1046159360
-2147483648, 1046271664, -352092160
-2147483648, 254138067, 774171058
-2147483648, 1849120960, 959486838
-2147483648, -360194476, 810677880
-2147483648, -1597787720, -151985097
-2147483648, -1334516390, -874867920
-2147483648, -83615065, 321215460
-2147483648, -1565446608, 791785776
-2147483648, 2113097488, 400388544
-2147483648, -852989989, 812003338
-2147483648, -738481104, 219384548
-2147483648, -1831668288, 1230400432
-2147483648, 1727361682, -79641632
-2147483648, 1265652501, 1493468048
-2147483648, 1963232682, 1985951648
-2147483648, -550310938, -336226170
-2147483648, -829016668, -501116504
-2147483648, 1545955296, 1648196136
-2147483648, 1093376384, -1030281552
-2147483648, 1699997696, -810519101
-2147483648, -538258368, 339765930
-2147483648, -1163702976, 2100005921
-2147483648, -1786067440, 470691396
-2147483648, 2111145728, 1223472262
-2147483648, 1132415080, -1182925520
-2147483648, -1135139328, 2023146240
-2147483648, 1953429630, 324971216
-2147483648, 1064998546, 827825360
-2147483648, -175827472, -531356046
-2147483648, -1808854052, -2140344300
-2147483648, 921388480, -2115553440
-2147483648, -1707762436, -1345141338
-2147483648, 2058407015, 1694670496
-2147483648, 870526130, 1839383946
-2147483648, -331197160, 1876136896
-2147483648, -319947076, -301464576
-2147483648, 925835813, -391431250
-2147483648, -1669361408, -751032500
-2147483648, 1289101780, -1489030000
-2147483648, 391007278, 1388447296
-2147483648, -2075050704, -1450772704
-2147483648, -1602075458, 1957261888
-2147483648, -608169030, -1913083520
-2147483648, 2048210827, -818853485
-2147483648, -1713721602, 399400298
-2147483648, 265830934, 1660189352
-2147483648, -1207973938, 187141728
-2147483648, -302474176, -1860474114
-2147483648, 1485911032, -1801314436
-2147483648, 387045144, 912383272
-2147483648, -1843045935, -2126433376
-2147483648, -1448026808, -1766113536
-2147483648, 599564666, -460446087
-2147483648, 1700156476, 1259067117
-2147483648, -1602569232, -450716432
-2147483648, 1299297420, -2100394200
-2147483648, 1299220392, 291134947
-2147483648, 416385469, 355362798
-2147483648, -1865724698, -688016592
-2147483648, 538317856, -878423408
-2147483648, 446975994, -961917165
-2147483648, 1565156415, -1860952608
-2147483648, -553411232, -1221675597
-2147483648, -834021898, -1335026448
-2147483648, 2086225749, -1517315560
-2147483648, -1262272610, 1459719606
-2147483648, -1039892445, -1392689724
-2147483648, 1604529219, 1437080968
-2147483648, 446960604, 1943344327
-2147483648, 120989521, 1851987586
-2147483648, 115445538, -248695508
-2147483648, 23190976, -890754040
-2147483648, -97782036, 1696059616
-2147483648, -122301090, -248928384
-2147483648, -225278088, -951551552
-2147483648, -368938300, 1198588032
-2147483648, -429774612, -659148589
-2147483648, -567445142, -777988338
-2147483648, -687329426, -1522355502
-2147483648, -869064547, -1725132668
-2147483648, -1031923895, 923887251
-2147483648, -1114469955, 1990678782
-2147483648, -635686380, -172178692
-2147483648, -1217374760, 364271056
-2147483648, 1876236912, 1889651664
-2147483648, 1806546378, -1844712760
-2147483648, -400167449, 1235717120
-2147483648, -1475501988, 18600420
-2147483648, 1116805296, -571317392
-2147483648, -801439538, -1142634784
-2147483648, -963141294, -2045900344
-2147483648, -1192173620, 2017911136
-2147483648, -661735278, -661069085
-2147483648, -790961950, -791634168
-2147483648, -929166728, -916656455
-2147483648, -1095084295, -1090475124
-2147483648, -1268527216, -1281340106
-2147483648, -1465973652, -1477215101
-2147483648, -1716182156, -1726973460
-2147483648, -2025165270, -2009032632
-2147483648, 1980836532, 1982365796
-2147483648, -2118025216, -2134660474
-2147483648, 1922893676, 1926120725
-2147483648, 1957519821, 1934187136
-2147483648, 2061581276, 2006537561
-2147483648, -2062791067, -2104775855
-2147483648, 1915979306, 1941150424
-2147483648, 2054789671, 1966042204
-2147483648, 2104089586, 1876727941
-2147483648, 2134572592, 1916148771
-2147483648, 2109553836, 1749806041
-2147483648, -2093238600, 1655891646
-2147483648, -1292455278, -869137904
-2147483648, 1703848414, -1751871673
-2147483648, -721218524, 1108504844
-2147483648, -1390112979, 2017763704
-2147483648, 1917040196, 1441662512
-2147483648, -1611488326, -743115157
-2147483648, 711688384, 781871134
-2147483648, 1476425372, 1092639268
-2147483648, 1505603300, 2084953388
-2147483648, -947249903, 10886789
-2147483648, -365457708, -1542161280
-2147483648, -1607362026, -1697707914
-2147483648, 1805870352, -1907071401
-2147483648, 2103923745, -1124457142
-2147483648, 377346096, -584107602
-2147483648, -998730932, -678946608
-2147483648, -340021000, -831802661
-2147483648, -1660084440, -1014333096
-2147483648, -1846962888, -1196463570
-2147483648, -2038712598, -1404245250
-2147483648, 1977242212, -1672632342
-2147483648, -922294260, -921512570
-2147483648, -1069466825, -1061119200
-2147483648, -1257871900, -1238957856
-2147483648, -1465749378, -1466862768
-2147483648, -1704609120, -1724413537
-2147483648, -1962644607, -1997865066
-2147483648, 2095612820, 2010198523
-2147483648, -2064360836, -2140129068
-2147483648, 1957066636, 1876035256
-2147483648, 1956054084, 1875869212
-2147483648, 1987692046, 1929777656
-2147483648, 2114581333, 2038008018
-2147483648, 2131388473, 2130670861
-2147483648, -2132020440, 2144883696
-2147483648, -1067793234, -1067412861
-2147483648, -1204502700, -1213476770
-2147483648, -1394765884, -1408873785
-2147483648, -1602366616, -1604151185
-2147483648, -1820452700, -1869903741
-2147483648, -2076958408, -2081155272
-2147483648, 1984071812, 1947294724
-2147483648, 2068204936, 2033903456
-2147483648, 2101172296, 2089420582
-2147483648, -2138142304, -2136080800
-2147483648, 1912233226, 1878064574
-2147483648, 1927136391, 1851976678
-2147483648, 1986429696, 1905311236
-2147483648, 2053017548, 1978582542
-2147483648, -2128756410, 2113837746
-2147483648, -1081480452, -1081284908
-2147483648, -1255950276, -1256896000
-2147483648, -1415171200, -1393635760
-2147483648, -1580476977, 1618139326
-2147483648, -1055854408, -1213343352
-2147483648, -1239454084, 1915780298
-2147483648, -736354275, -735606048
-2147483648, -885187116, -885137014
-2147483648, -1038704100, -1030985928
-2147483648, -1205796108, -2034287164
-2147483648, -1412289516, 281438112
-2147483648, -1583198928, -1639312480
-2147483648, -1803051705, -1882739772
-2147483648, -2058646352, -2144714814
-2147483648, 1947461935, 1884075520
-2147483648, 1961899564, 1888400677
-2147483648, 2019056296, 1954058624
-2147483648, 2073821026, 2002193548
-2147483648, 2106175652, 2033938381
-2147483648, -2129198448, 2098683856
-2147483648, -1089549516, -1089300362
-2147483648, -1255325331, -1253799414
-2147483648, -1433023130, -1418745572
-2147483648, -1621975410, -1615953014
-2147483648, -1822105026, -1797041864
-2147483648, -2018976130, -2016519960
-2147483648, 2032089952, 2027009125
-2147483648, 2112142632, 2116261597
-2147483648, -2094537804, -2100318892
-2147483648, 1915674274, 1884881896
-2147483648, 1921883388, 1987139946
-2147483648, 1861895200, 2113864736
-2147483648, 1767867259, -2143979288
-2147483648, -1262326917, -1262167621
-2147483648, -1478823284, -1472420950
-2147483648, -1679660100, -1671557080
-2147483648, -1890070200, -1897171016
-2147483648, -2116345764, -2140205311
-2147483648, 169365691, 1940498770
-2147483648, 316104482, -18908280
-2147483648, 1157573216, 55821608
-2147483648, 1841713822, 94009220
-2147483648, -1888039828, 102100661
-2147483648, -777075336, 261184642
-2147483648, -1332609668, 161809125
-2147483648, -1467113120, 28895693
-2147483648, -1657736346, -113985024
-2147483648, -1832135616, -271446758
-2147483648, -1951398168, -449436609
-2147483648, -2133175319, -635040210
-2147483648, 1975884416, -826260911
-2147483648, -499593808, -499376344
-2147483648, -637221195, -629119670
-2147483648, -787741332, -774538612
-2147483648, -932807174, -923581087
-2147483648, -1083467302, -1083548084
-2147483648, -1247332996, -1256453030
-2147483648, -1460679724, -1464660512
-2147483648, -1655232000, -1673133534
-2147483648, -1909083585, -1923727134
-2147483648, 2139887573, 2142026506
-2147483648, -2058504816, -2062130040
-2147483648, 1988762376, 1996901921
-2147483648, 2027111152, 2047723105
-2147483648, 2105737946, 2135347746
-2147483648, -2092762812, -2051422380
-2147483648, 1928395200, 1960235239
-2147483648, 1978382688, 1985745123
-2147483648, 2061988251, 2080531276
-2147483648, -2079849267, -2039629128
-2147483648, 1961540824, 1947912704
-2147483648, 2038070316, 2009680116
-2147483648, 2030183446, 2061294846
-2147483648, 2084060848, 2099942992
-2147483648, -2146938711, -2111975411
-2147483648, 1878825904, 1921986755
-2147483648, 1961376036, 2015834197
-2147483648, 2044178035, 2061003419
-2147483648, 2128059904, 2130931880
-2147483648, -2068607135, -2056483162
-2147483648, 2000839251, 2023011634
-2147483648, 1940215631, 2099270631
-2147483648, 1991981208, -2138680152
-2147483648, -1147794057, -1147174160
-2147483648, -1319319540, -1342535103
-2147483648, -1527693946, -1521109872
-2147483648, -1759429500, -1741926330
-2147483648, -1990869806, -1963864544
-2147483648, 2046575696, 2068957237
-2147483648, 2113624202, 2129091718
-2147483648, 2147218140, 2129921875
-2147483648, -2078331173, -2111912425
-2147483648, 1963131091, 1924161352
-2147483648, 2006164156, 2006145673
-2147483648, 2071256397, 2074804346
-2147483648, -2141580600, 2142379540
-2147483648, -1073965116, -1073791845
-2147483648, -1237641418, -1237253682
-2147483648, -1437853860, -1447988668
-2147483648, -1640246070, -1643741775
-2147483648, -1848787515, -1860923376
-2147483648, -2051945641, -2050499880
-2147483648, 2003014822, 1948120300
-2147483648, 2056167536, 2005517056
-2147483648, 2085104170, 2032443224
-2147483648, 2080434372, 2108022304
-2147483648, -2119474095, -2094209400
-2147483648, 1912370631, 1932852533
-2147483648, 1944289489, 1996310320
-2147483648, 2005763135, 2077255646
-2147483648, 2043020218, 2139557053
-2147483648, 2146287312, -2066311282
-2147483648, -1033965705, -1034083398
-2147483648, -1207311460, -1212671208
-2147483648, -1389264639, -1452685364
-2147483648, -1588103985, -1697734134
-2147483648, -1814768380, -1917767818
-2147483648, -2049277216, -2141538328
-2147483648, 1989781126, 1914647018
-2147483648, 2084051182, 2044723386
-2147483648, -2100647066, -2114842744
-2147483648, 1897244736, 1881953524
-2147483648, 2026301091, 1913284568
-2147483648, 2105805402, 1831887212
-2147483648, -2131766937, 1767652653
-2147483648, -1256958520, -814251896
-2147483648, -1445760174, -2109819595
-2147483648, -1681441125, 1953195421
-2147483648, -938685410, -938049024
-2147483648, -1108112280, -1106338168
-2147483648, -1290334284, -1282793070
-2147483648, -1473724566, -1464045165
-2147483648, -1688369040, -1685782560
-2147483648, -1921893480, -1924868813
-2147483648, 2128837798, 2126316928
-2147483648, -2079676968, -2073466350
-2147483648, 1975889171, 2024118152
-2147483648, 2061969529, 2104738736
-2147483648, 2093202412, 2119954401
-2147483648, -2123234822, -2077375184
-2147483648, 1906779099, 1965726741
-2147483648, 1999027966, 2075508146
-2147483648, 2063155687, -2134973230
-2147483648, -1110691008, 87814788
-2147483648, -1233553470, 207252024
-2147483648, -1358218211, 393140576
-2147483648, -1481833071, 1326230224
-2147483648, -1152059928, -149093056
-2147483648, -1292535296, -926802048
-2147483648, -1472919204, 190604032
-2147483648, -1617604344, -168218368
-2147483648, -1772268210, 698577408
-2147483648, -1611366618, 1903271936
-2147483648, -929229248, 840290304
-2147483648, -1027285110, -1579233280
-2147483648, -1211550795, -687775744
-2147483648, -1378527296, 1034829824
-2147483648, -1246568796, 1453359104
-2147483648, -971675012, -970583652
-2147483648, -1153281173, -1143203034
-2147483648, -1344791898, -1360525989
-2147483648, -1549808640, -1571621100
-2147483648, -1752526512, -1764057427
-2147483648, -1989947113, -2012598816
-2147483648, 2066741530, 2044439666
-2147483648, 2120462257, 2087909590
-2147483648, -2082559660, -2128987224
-2147483648, 2010391028, 1945304684
-2147483648, 1992549428, 2021785141
-2147483648, 2035327793, 2081213741
-2147483648, 2116595131, -2115881460
-2147483648, 15268126, -1073612925
-2147483648, 81136756, -1217108702
-2147483648, 83743018, -1341478197
-2147483648, 738467078, -1455771988
-2147483648, 593499664, -1432821250
-2147483648, -1434704394, -1493564007
-2147483648, 233756318, -1670846154
-2147483648, 981470024, 1119017620
-2147483648, -943540112, 2067153548
-2147483648, 2018995104, -512541269
-2147483648, 2117317792, -320756530
-2147483648, -127876544, -615004340
-2147483648, 6821632, -1185385668
-2147483648, 1879510272, 1891237192
-2147483648, -1374887689, 1812569623
-2147483648, 1017704167, -755254242
-2147483648, -1577804352, -1146493900
-2147483648, -1638890884, 1656227520
-2147483648, 1016564816, -710780704
-2147483648, -654399936, 2033861088
-2147483648, 320001056, 640797376
-2147483648, 1789006336, -182915968
-2147483648, -1996499969, -1619486464
-2147483648, 1990166640, -1359847936
-2147483648, -1555603512, -280888320
-2147483648, 224461888, -1836058624
-2147483648, -646529360, 1617888273
-2147483648, 130280500, -132117880
-2147483648, -1362861908, 1638839788
-2147483648, -474163731, -1482407712
-2147483648, -776776216, -2052583792
-2147483648, 26126966, 2016649472
-2147483648, 2135572064, -52583405
-2147483648, 1814605254, -32288661
-2147483648, -630787526, -47592450
-2147483648, 1504518760, -160964748
-2147483648, -2064271719, -199782128
-2147483648, -53588580, -376557174
-2147483648, -1825423979, -486767520
-2147483648, 1855851252, -669314506
-2147483648, -523913728, -480559552
-2147483648, 1004414935, -609296266
-2147483648, 754175580, -672445032
-2147483648, -691925532, -757286313
-2147483648, -1279855844, -900206325
-2147483648, -868000784, -1075991060
-2147483648, 1300596624, -1228213436
-2147483648, 309913368, -1037635130
-2147483648, 55876662, -1169909260
-2147483648, -2107904698, -1305801570
-2147483648, -2002559760, -1512928140
-2147483648, 619011378, -1768083804
-2147483648, 594363446, -1648459800
-2147483648, 1070156848, -1600793201
-2147483648, 208823176, -1339278160
-2147483648, 1244080059, -1476426672
-2147483648, 1226084816, -1189995452
-2147483648, -586535428, -1055814830
-2147483648, -1631181125, -1212192996
-2147483648, 145176323, -1408950556
-2147483648, -1911199360, -1556819784
-2147483648, 1473307004, -1784788830
-2147483648, 980653634, -1229497738
-2147483648, 1804428300, -1198363892
-2147483648, -1240566648, -771180760
-2147483648, -1488528316, -932965168
-2147483648, 2056033412, -1115219308
-2147483648, 1923179290, -603542742
-2147483648, 1997708003, -414118181
-2147483648, -1745984252, -282723350
-2147483648, 103948270, -454832892
-2147483648, -387067152, -553085982
-2147483648, 303717592, -661695216
-2147483648, -128637806, -761297280
-2147483648, -482651227, -903938490
-2147483648, -1665303026, -1020207408
-2147483648, -1532599144, -1234540593
-2147483648, 747518360, -1395817260
-2147483648, -1010970535, -1398373624
-2147483648, -1678250196, 1604631752
-2147483648, 175405214, -858673416
-2147483648, 935058579, -1415936211
-2147483648, 1417357056, -1314953729
-2147483648, 337235300, -1023319864
-2147483648, 48070506, -1122319868
-2147483648, 1931511398, -1231862233
-2147483648, 79261906, -724407240
-2147483648, 1535684024, -1438215040
-2147483648, 672154220, 1464356576
-2147483648, -1229034374, -1125065184
-2147483648, -896076582, 1836923968
-2147483648, 1402238920, -1025966080
-2147483648, 1895249428, -1771105280
-2147483648, -663877684, 1157753856
-2147483648, 1347090784, -130092032
-2147483648, -1087040645, -465668580
-2147483648, 388796287, -621477624
-2147483648, 1794426027, -724128510
-2147483648, -438649734, -539195176
-2147483648, 973800800, -650221798
-2147483648, 1935735576, -1274177525
-2147483648, 2032719104, 1762960246
-2147483648, -588969408, 1759598936
-2147483648, -1007598718, -928185904
-2147483648, -1247014800, -2041888558
-2147483648, 2123960872, 2028732976
-2147483648, 1002183408, 2060027004
-2147483648, 456949170, 2031419372
-2147483648, 169392216, 2005475818
-2147483648, 12454060, 1987780156
-2147483648, 18252585, -73709730
-2147483648, 106575480, -163540141
-2147483648, 194501088, -250534015
-2147483648, 280445418, -337596714
-2147483648, 367313544, -423642472
-2147483648, 455031504, -514836624
-2147483648, 527236594, -983122428
-2147483648, 620603760, -1930629744
-2147483648, 752005314, 480529552
-2147483648, 783942579, 1008346736
-2147483648, 798286440, 1912901728
-2147483648, 1648306590, 1318366176
-2147483648, -951784516, 1321849502
-2147483648, -799558576, -889328080
-2147483648, -583133872, -1762693780
-2147483648, -659163224, 844806096
-2147483648, -722803099, 1664128432
-2147483648, -752536294, -896560032
-2147483648, -847028488, -1623204224
-2147483648, -611967612, 1995589248
-2147483648, -521406362, 1224504576
-2147483648, -611729972, 388178432
-2147483648, -650735314, -1185647470
-2147483648, -771167271, -1349820018
-2147483648, -950723736, -1517737035
-2147483648, -1110964576, -1730758832
-2147483648, -1364735859, -1910453370
-2147483648, -1578294493, 515791756
-2147483648, -1708292380, 1056757472
-2147483648, -1791002996, -1400220864
-2147483648, -2008683548, -1614238594
-2147483648, 2131213370, -1851897923
-2147483648, 2062774780, -934532138
-2147483648, 1989670360, -510121327
-2147483648, 1982384775, -334052133
-2147483648, 1955877748, -250068522
-2147483648, 1891027896, -482361480
-2147483648, 1861429689, -970892160
-2147483648, 1789140318, -1921038000
-2147483648, 1694426841, 475405696
-2147483648, 10995480, 407861871
-2147483648, 80458491, 781780112
-2147483648, 130542272, 1760402744
-2147483648, 139239056, -744523472
-2147483648, 250817714, -541271584
-2147483648, 341775344, 1815336992
-2147483648, 688441440, 354101888
-2147483648, 727858872, -1009856768
-2147483648, 838808594, -370700544
-2147483648, 895233412, 77738496
-2147483648, 937028928, -288346967
-2147483648, 1019262503, 1174999180
-2147483648, 2051145250, -2124431360
-2147483648, -2123267710, -1110765624
-2147483648, -1934216072, -1322347068
-2147483648, -1685970640, -1565347280
-2147483648, -1437883660, -1782354390
-2147483648, -1222290032, -1999456520
-2147483648, -1397740432, 2052627366
-2147483648, -1468624078, -746780319
-2147483648, -1642167104, -928095817
-2147483648, -1829156074, -1139382882
-2147483648, -1987657186, -1339791405
-2147483648, -2121324278, -1597832268
-2147483648, 1960486248, -1835720150
-2147483648, 1889217540, -1011855240
-2147483648, 1828835580, -635856936
-2147483648, 1838622800, -477631077
-2147483648, 1817796448, -393651196
-2147483648, 1776493059, -361749856
-2147483648, 1748016340, -366749098
-2147483648, 1710293196, -383633144
-2147483648, 1675703040, -411088800
-2147483648, 1628849496, -440919306
-2147483648, 1639492650, -479991556
-2147483648, 1587746998, -494433420
-2147483648, 1532609397, -527801092
-2147483648, 1504186242, -571418168
-2147483648, 1461513141, -607948761
-2147483648, 1415841000, -647074285
-2147483648, 1365356602, -689665542
-2147483648, 1300120375, -736807308
-2147483648, 1381165220, -792862917
-2147483648, 1355425548, -779867910
-2147483648, 1270162100, -786205734
-2147483648, 1203847830, -832148980
-2147483648, 1140147228, -888554001
-2147483648, 1064872988, -948846242
-2147483648, 990393630, -1015800870
-2147483648, 905946300, -1086974628
-2147483648, 809165813, -1164584928
-2147483648, 711791850, -1251943077
-2147483648, 597651320, -1342133045
-2147483648, 482503770, -1446768624
-2147483648, 357247949, -1556744680
-2147483648, 225520360, -1673618890
-2147483648, 82406891, -1798402112
-2147483648, -73172608, -1932317520
-2147483648, -240405242, -2076620500
-2147483648, -418622104, 2062433526
-2147483648, -252875755, -252589222
-2147483648, -358170629, -358041954
-2147483648, -465803520, -463148432
-2147483648, -582864195, -585451814
-2147483648, -1142726100, -1150118952
-2147483648, 2010180052, 2003042256
-2147483648, 1884951036, 2016423473
-2147483648, 1838935325, 1959244384
-2147483648, 1772523406, 1974302964
-2147483648, 1743659222, 1944950017
-2147483648, 1630565036, 1959822113
-2147483648, 1595510492, 2015632931
-2147483648, 1573617616, 2059734868
-2147483648, 1638904343, -2135461400
-2147483648, -1099748532, -1322654060
-2147483648, 1954082463, -1513214205
-2147483648, -431916020, -853553004
-2147483648, -1273677040, -998651703
-2147483648, 406380384, -1170091338
-2147483648, -227092696, -1297162295
-2147483648, -1041651024, -1439447625
-2147483648, 1343237792, -1628653000
-2147483648, 1085174112, -1216943520
-2147483648, 749820960, -1139874168
-2147483648, -624595745, -1242093176
-2147483648, 1214525742, -1406227848
-2147483648, -592630800, -1170170008
-2147483648, -1956364080, -1333266480
-2147483648, 2094471371, -1559679795
-2147483648, -806818520, -807284205
-2147483648, -955633090, -954478945
-2147483648, -1116242544, -1120065120
-2147483648, -1285852296, -1298410344
-2147483648, -1480423221, -1487022212
-2147483648, -1680986993, -1684631116
-2147483648, -1889166983, -1899892602
-2147483648, 2134957941, 2116010893
-2147483648, -2068055962, -2106973146
-2147483648, 1949702302, 1917633732
-2147483648, 2001406274, 1988350576
-2147483648, 2062575666, 2045194144
-2147483648, -2146296773, 2080682932
-2147483648, -1107745828, -1107113057
-2147483648, -1284443776, -1291526960
-2147483648, -1474528320, -1485920782
-2147483648, -1697647224, -1702895844
-2147483648, -1962702896, -1886655204
-2147483648, 2115701651, -2116987065
-2147483648, -1075579297, -1075051406
-2147483648, -1222138126, -2111583968
-2147483648, -1441329265, 1894101299
-2147483648, -847648863, -847603575
-2147483648, -998071100, -1007954384
-2147483648, -1165987944, -1172544324
-2147483648, 2022727744, -1328590832
-2147483648, -244748324, -727234340
-2147483648, -1559942375, -864983283
-2147483648, -1745307470, -1046908331
-2147483648, 814904676, -1242043037
-2147483648, 1620337912, -1287772010
-2147483648, -908814060, -907756594
-2147483648, -1073503369, -1075682241
-2147483648, -1242214646, -1257277656
-2147483648, -1429406195, -1430502898
-2147483648, -1648744140, -1641029920
-2147483648, -1877412000, -1869510808
-2147483648, -2101748896, -2110005604
-2147483648, 1938008744, 1910638828
-2147483648, 2001046720, 2009695072
-2147483648, 2057121254, 2133449734
-2147483648, 2047141684, 2126042525
-2147483648, 1962356352, 2019344303
-2147483648, 1899109016, 1944859025
-2147483648, 1827455200, 1976216147
-2147483648, 1748169705, 2007896560
-2147483648, 1736309686, 2096684668
-2147483648, 1668844966, 2146246810
-2147483648, 1565227514, -2127633152
-2147483648, -1084440136, -1355407020
-2147483648, -2008383600, -1522145772
-2147483648, 254912400, -1751412544
-2147483648, 548517760, -1822831998
-2147483648, -1554243328, 709293084
-2147483648, -2079627904, -1497040284
-2147483648, -307105536, -1733079579
-2147483648, -121242624, 909557210
-2147483648, -1739021312, 2121367590
-2147483648, -1537828864, -233745668
-2147483648, -324976640, -156218096
-2147483648, -395476992, -1665692400
-2147483648, -803241984, 367675936
-2147483648, -245596160, 1996066688
-2147483648, 1193934848, 1036490368
-2147483648, -1825509570, 1387489344
-2147483648, 1896909040, -1292854393
-2147483648, 1315381776, -772395030
-2147483648, -1960955136, -803199920
-2147483648, -1936299456, -999428188
-2147483648, 1752360421, -1976203460
-2147483648, -1187071243, 381221504
-2147483648, 1995925032, 815207104
-2147483648, 1949621336, 809091365
-2147483648, 1902734536, 784593216
-2147483648, 1890163956, 832987870
-2147483648, 1870441972, 909550664
-2147483648, 1874667102, 847213464
-2147483648, 1827652216, 737913598
-2147483648, 1802255276, 808452026
-2147483648, 1989756816, 906692012
-2147483648, 1977655650, 774514817
-2147483648, 1977629792, 609414944
-2147483648, 1941944947, 518547680
-2147483648, 1932995614, 334823322
-2147483648, 1929296389, 284733272
-2147483648, 1891634471, 347797180
-2147483648, 1866673169, 357328392
-2147483648, 1863045166, 439371770
-2147483648, 1829913066, 365231231
-2147483648, 1853670256, 456719528
-2147483648, 1869521536, 417959396
-2147483648, 1855550652, 391097588
-2147483648, 1859810086, 460394630
-2147483648, 1848449876, 468811232
-2147483648, 1830876096, 453108752
-2147483648, 1802648244, 415100416
-2147483648, 1833093700, 469141022
-2147483648, 1829601796, 489824012
-2147483648, 1848350291, 625502540
-2147483648, 1886860646, 781795232
-2147483648, 1811116936, 694877552
-2147483648, 1800964876, 593877185
-2147483648, 1784923291, 569056832
-2147483648, 1811205950, 686000994
-2147483648, 1825026041, 692158937
-2147483648, 1811446932, 730252762
-2147483648, 1789157968, 606340192
-2147483648, 1787551055, 639397196
-2147483648, 1763765259, 571970222
-2147483648, 1717720180, 331740648
-2147483648, -826204520, -49227048
-2147483648, -1700346688, -171015199
-2147483648, 1088371712, -339401534
-2147483648, -1960773696, -668129828
-2147483648, 689885056, -1312542504
-2147483648, 1336080896, 1668301840
-2147483648, 2063362038, 1640063768
-2147483648, -42135710, 1623580240
-2147483648, -1396821926, -1059277184
-2147483648, 1253898364, 1984926464
-2147483648, -614641314, 2127908988
-2147483648, 915501716, 65541080
-2147483648, 1147220784, 776339920
-2147483648, -1902111264, -1441259456
-2147483648, -132554208, 450654400
-2147483648, -1568450432, -559980416
-2147483648, -1960646400, -2102181888
-2147483648, -1303249408, -819389440
-2147483648, 1092859904, 1945848832
-2147483648, 622627248, 614081768
-2147483648, 535318695, -455676300
-2147483648, -680999764, -541339260
-2147483648, -1685725290, -688852706
-2147483648, -1904321244, -882369411
-2147483648, -2113442170, -1086591289
-2147483648, 1922052325, -1317793157
-2147483648, -772479664, -772024440
-2147483648, -914040792, -907860366
-2147483648, -1085311824, -1067001185
-2147483648, -1266890625, -1252444278
-2147483648, -1432026844, -1439197850
-2147483648, -1818910340, -1669292016
-2147483648, -2037468125, -1935408244
-2147483648, 1985314585, 2098153249
-2147483648, 2090018417, 2116975561
-2147483648, 2128546432, -2098004119
-2147483648, -1059384464, -1058722440
-2147483648, -1231795129, -1244259570
-2147483648, -1424898472, -1445471346
-2147483648, -1591024812, -1607829153
-2147483648, -1815323678, -1819662108
-2147483648, -2025334383, -2045445696
-2147483648, 2009942176, 1967715706
-2147483648, 2136356149, 2086797692
-2147483648, -2108215296, -2146837572
-2147483648, 2012213800, 1975006276
-2147483648, 2079757312, 2070546788
-2147483648, 2127203808, 2112827708
-2147483648, 2101296640, 2067089596
-2147483648, 2113965891, 2048082486
-2147483648, 1982040092, 2066671016
-2147483648, 1899468630, 2122477882
-2147483648, 1852312576, -2135099175
-2147483648, -430520064, -1215676222
-2147483648, -758460288, -1367779406
-2147483648, -525533696, 1662879868
-2147483648, -71972352, -825113304
-2147483648, -1160914944, -1662020192
-2147483648, 474804224, -16185632
-2147483648, -1558433792, -329155904
-2147483648, 531260301, -92295680
-2147483648, -1358967858, -854651385
-2147483648, -1736215764, -1043848163
-2147483648, -836606864, -1241332050
-2147483648, -2042433200, -1394061905
-2147483648, -933259072, -1604378340
-2147483648, -1493397504, 1146124219
-2147483648, 1130114944, -1247845516
-2147483648, -362043136, -1133590874
-2147483648, 1877568000, -1280936800
-2147483648, -1068932096, 1777509496
-2147483648, 2016212992, -719847500
-2147483648, 1375502336, -425569195
-2147483648, -1022173184, -479132780
-2147483648, -485674158, -630158025
-2147483648, -130786444, -773370234
-2147483648, 1826847275, -917148435
-2147483648, 1507247692, -619148972
-2147483648, 169914996, -630930335
-2147483648, 1457262283, -719887053
-2147483648, 536578935, -705946176
-2147483648, -1443142285, -796858100
-2147483648, -197890268, -965837754
-2147483648, 1343182438, -1093983318
-2147483648, 252348161, -949551960
-2147483648, -549895850, -1854126156
-2147483648, 250750564, 652065152
-2147483648, -1583136416, 1344974560
-2147483648, 1656467484, -1828692768
-2147483648, 1620387099, 706053312
-2147483648, 841883658, 1288264682
-2147483648, 1621388398, -380913511
-2147483648, 1968476902, -453828430
-2147483648, 283872759, -316993300
-2147483648, 1569784832, -409818051
-2147483648, 193304860, -463091034
-2147483648, 654093902, -557645832
-2147483648, 1843295476, -643832455
-2147483648, 1135042696, -474894519
-2147483648, -145595100, -941902314
-2147483648, 1344608848, -1872176544
-2147483648, 1744557538, -1338302016
-2147483648, 1811782667, -871797738
-2147483648, 546471903, -604763730
-2147483648, -2134639566, -699266310
-2147483648, 542326115, -899810276
-2147483648, 1218739423, -1000050640
-2147483648, -81736710, -1959237180
-2147483648, 1065470874, -2094999385
-2147483648, -983888484, -1589656773
-2147483648, -689831248, -1767767901
-2147483648, -271535565, -1950912670
-2147483648, 242991176, 2137463392
-2147483648, 115250828, -2107734063
-2147483648, -51875040, 186780580
-2147483648, -134852355, 386359644
-2147483648, -212222003, 1002510839
-2147483648, -268737700, 1188622258
-2147483648, -316776928, -1225035592
-2147483648, -459445455, 61546032
-2147483648, -557098896, 1808685296
-2147483648, -1088088352, -1172323201
-2147483648, 2122311456, -1343632292
-2147483648, 23751680, 2045578316
-2147483648, 154034688, -1514840672
-2147483648, -446806272, 2061434112
-2147483648, -578374144, -1475553408
-2147483648, -2101973632, 1099279296
-2147483648, -1576084545, 1812583977
-2147483648, -956421852, -955705678
-2147483648, -1128197616, -1127041696
-2147483648, -1301917638, -1297719540
-2147483648, -1492101455, -1481443208
-2147483648, -1680138435, -1692296108
-2147483648, -1933050004, -1927059990
-2147483648, 2126737984, 2135494174
-2147483648, -2084917092, -2059092815
-2147483648, 1982782488, 268083380
-2147483648, 1980368296, 277879468
-2147483648, 1959501408, 252362296
-2147483648, 1976460103, 237420522
-2147483648, 1946187456, 93959296
-2147483648, -54554745, -54081225
-2147483648, -145858503, -144980520
-2147483648, -244425545, -244532200
-2147483648, -354011634, -352455246
-2147483648, -468423732, -463816220
-2147483648, -593600742, -590709847
-2147483648, -730358880, -724356570
-2147483648, -896606333, -880105954
-2147483648, -1058597196, -1042752256
-2147483648, -1214615280, -1225403674
-2147483648, -1382609774, -1422601059
-2147483648, 1646989992, -1618503774
-2147483648, -1006774016, -1059771216
-2147483648, -2061536000, -1227126150
-2147483648, 46664736, -1442193632
-2147483648, 409815040, -1579318938
-2147483648, 330950784, -1659512738
-2147483648, -1738731698, -1739184307
-2147483648, -1983227730, -1959295568
-2147483648, 660802336, 2125168184
-2147483648, 638926465, 2113080908
-2147483648, 644436073, -2123212042
-2147483648, 1432647824, -1814376080
-2147483648, -1394733144, -1265638662
-2147483648, 909721167, -1465718171
-2147483648, 2049689998, -1352663070
-2147483648, -682239796, -726484500
-2147483648, -1653984544, -868461828
-2147483648, 1839553024, -1054058712
-2147483648, -1484437984, -681412209
-2147483648, -1071102080, -860769432
-2147483648, -98570916, -1033225486
-2147483648, -1177311834, -1182022270
-2147483648, -843055628, -1403807817
-2147483648, 531296240, -1581020434
-2147483648, -1599498416, -1599769500
-2147483648, 1108720010, -1836273765
-2147483648, -2033632920, -1437738685
-2147483648, 207636184, -1676170107
-2147483648, 495361011, -1808295192
-2147483648, -1731130244, -1730842916
-2147483648, -1939656894, -1950268452
-2147483648, 2119610640, 2089328559
-2147483648, -2106930672, 2145966459
-2147483648, -1054722270, -1055093614
-2147483648, -1241402006, -1244879350
-2147483648, -1427443731, -1447037680
-2147483648, -1638549773, -1653816030
-2147483648, -1853695350, -1874124378
-2147483648, -2068411280, -2068774400
-2147483648, 2006211008, 1985078890
-2147483648, 2071793511, 2055598432
-2147483648, -2145786258, 2086779328
-2147483648, 53592719, -1103961516
-2147483648, 37939942, -1246639045
-2147483648, -1678702062, -1417326158
-2147483648, -1884027072, -1681813542
-2147483648, -2128707776, -1899331320
-2147483648, 1905334556, 2147089036
-2147483648, 1946948199, -2130133096
-2147483648, -1166002329, -1166442295
-2147483648, -1358066700, -1340598152
-2147483648, -1565647489, -1527970009
-2147483648, -1766925504, -1730986250
-2147483648, -2011875172, -1989048648
-2147483648, 2043689223, 2033596080
-2147483648, 2090041996, 2098803970
-2147483648, -2099462300, -2087226331
-2147483648, 1964779429, 1988577562
-2147483648, 2015034396, 1986442221
-2147483648, 2103814346, 2019045406
-2147483648, -2088167400, 2114757760
-2147483648, -1061479904, -1062283691
-2147483648, -1230257430, -1238210634
-2147483648, 1849976194, -1407841557
-2147483648, -853755518, -854222400
-2147483648, -1029618845, -1004349500
-2147483648, -1975699630, -1144854672
-2147483648, 460794116, 2100215776
-2147483648, 423470596, 2003132336
-2147483648, 426343918, 2019309642
-2147483648, 467799876, 2086806296
-2147483648, 473645506, 2125529236
-2147483648, 445910590, 2113044756
-2147483648, 407298940, 2141344108
-2147483648, 337477454, 1965021916
-2147483648, 294022606, 1979334466
-2147483648, 292614292, 1993585800
-2147483648, 354020848, 2060866364
-2147483648, 346219160, 2057355592
-2147483648, 318657376, 2033675019
-2147483648, 286427566, 2042673870
-2147483648, 372654358, 2099963548
-2147483648, 291032158, 2071454256
-2147483648, 248867942, 2069639416
-2147483648, 266833156, 2060547101
-2147483648, 230895857, 2048368879
-2147483648, 282204608, 2058218530
-2147483648, 282836509, 2084958014
-2147483648, 227998928, 2096567128
-2147483648, 115670692, 2118121556
-2147483648, 157847168, -2116437438
-2147483648, 616493784, 60016828
-2147483648, -735709221, -373425172
-2147483648, -1439528142, -609186968
-2147483648, 1374412256, -2086477120
-2147483648, -1490554576, 791428352
-2147483648, 1546369696, -1937925312
-2147483648, -1309956512, -385845760
-2147483648, 2143525184, -1922496975
-2147483648, 1122225280, -963237000
-2147483648, 979613952, -1870653400
-2147483648, 1587796785, 531651696
-2147483648, 325742390, 1082782192
-2147483648, 1492752852, -370719048
-2147483648, 1584713088, -412482798
-2147483648, -1440762720, -459148851
-2147483648, -249438016, -614666170
-2147483648, -175801216, -740549920
-2147483648, 964392704, -858554730
-2147483648, 139793664, -940771392
-2147483648, -736598016, -1063400897
-2147483648, 2058324992, -1243020100
-2147483648, 739139584, -667756500
-2147483648, 88797184, -749312062
-2147483648, 241205248, -852813946
-2147483648, -1409220608, -970522850
-2147483648, -48566330, -1133307855
-2147483648, 1112774236, -1269332652
-2147483648, 162934398, -1152904776
-2147483648, 2070288888, 2011031548
-2147483648, 966543771, 2027152789
-2147483648, 422160752, 2026399534
-2147483648, 149336874, 2010921619
-2147483648, 5936944, 1970798179
-2147483648, -1459479, -86323678
-2147483648, -91951902, -178651680
-2147483648, -188346470, -274716962
-2147483648, -368464278, -377449268
-2147483648, -736012732, -490189050
-2147483648, -878781204, -630867104
-2147483648, -1023831380, -780073504
-2147483648, -1186499440, -938342370
-2147483648, -1366921710, -1108209078
-2147483648, -1581988023, -1309168077
-2147483648, -1831701788, -1491153576
-2147483648, -2064988716, -1709648706
-2147483648, 2019034784, -1940044470
-2147483648, -1034266217, 582434806
-2147483648, -1148810096, 1166032592
-2147483648, -1065912128, 2066556424
-2147483648, -574819155, -573602994
-2147483648, -707855235, -722072520
-2147483648, -850928220, -860883192
-2147483648, -1000677195, -1017040128
-2147483648, -1188418728, -1198256406
-2147483648, -1373699184, -1394646712
-2147483648, -1566653340, -1588607184
-2147483648, -1783530585, -1798253721
-2147483648, -2014246402, -2039060751
-2147483648, 2032373806, 2002880954
-2147483648, 2042874986, 2047081844
-2147483648, 2089968428, 2117976212
-2147483648, -2119837950, -2093365710
-2147483648, 1903467985, 1927595250
-2147483648, 1954066432, 1950893608
-2147483648, 2028581875, 1958113834
-2147483648, 2122183524, 2061953474
-2147483648, -2116718140, 2099805712
-2147483648, -1082207202, -1083306747
-2147483648, -1259228055, -1257916121
-2147483648, -1428449314, -1468741554
-2147483648, -1648005554, -1670212566
-2147483648, -1893530210, -1886306360
-2147483648, -2113805820, -2097908028
-2147483648, 1914638341, 1937543704
-2147483648, 1996559386, 1970876527
-2147483648, 2068848011, 2058613272
-2147483648, 2086149336, 2116696590
-2147483648, 2145735692, -2110911488
-2147483648, -1057701492, -1057256984
-2147483648, -1215428460, -1224772689
-2147483648, -1397249000, -1425350472
-2147483648, -1628378408, -1653031575
-2147483648, -1854185126, -1891994046
-2147483648, -2091923743, 2143229966
-2147483648, -1048350484, -1049225756
-2147483648, -1232131440, -1220509645
-2147483648, -1418158564, -1399660752
-2147483648, -1628856702, -1602794000
-2147483648, -1879519178, -1798118010
-2147483648, -2112205592, -1986979074
-2147483648, 1919172706, 370333186
-2147483648, 1915239115, 279256080
-2147483648, 1923409324, 363069392
-2147483648, 1904321416, 404496250
-2147483648, 1925009440, 387128704
-2147483648, 1913457022, 321075544
-2147483648, 1898035934, 346566726
-2147483648, 1903107838, 428722606
-2147483648, 1939336096, 508323411
-2147483648, 1993196020, 510474386
-2147483648, 2004722781, 466701124
-2147483648, 1994667660, 531743920
-2147483648, 2030107534, 508678996
-2147483648, 2056336980, 462853507
-2147483648, 2059936911, 358267706
-2147483648, 2036962096, 379837651
-2147483648, -2087599266, 442909296
-2147483648, 199125976, 1165327208
-2147483648, 435739256, 1741641706
-2147483648, 415555640, -2050027446
-2147483648, 904397488, 25930660
-2147483648, 1786701056, 761923760
-2147483648, 1896990908, 1286790144
-2147483648, 1608700097, 2092549124
-2147483648, 1196110793, 1911839144
-2147483648, 1142498469, -493535308
-2147483648, -1529294112, 1780646556
-2147483648, 1477616601, -42350680
-2147483648, 4836280, 158372776
-2147483648, -1418110668, 2036945472
-2147483648, 2043985144, 617185248
-2147483648, 1884716764, 991726256
-2147483648, -443923456, 743834102
-2147483648, 2019238946, 628434800
-2147483648, 1168515406, -1706620626
-2147483648, -1464102064, 787861016
-2147483648, -895593552, -571047296
-2147483648, 1936466272, 445684976
-2147483648, 216538718, -588544039
-2147483648, -336919610, 2145793386
-2147483648, -509773592, -169480214
-2147483648, -2079733544, -282575574
-2147483648, 2038767896, -463534760
-2147483648, -287785255, -286591299
-2147483648, -400063150, -393796260
-2147483648, -516026932, -512731076
-2147483648, -640257756, -632250337
-2147483648, -774333856, -1183121118
-2147483648, -943312404, 1891614512
-2147483648, -599856224, -388856880
-2147483648, -727246326, -715833089
-2147483648, -883468246, -1838098288
-2147483648, -1080654714, 786673068
-2147483648, -1186628820, -1413457648
-2147483648, -1375948302, -1529487024
-2147483648, -1615698900, 450105472
-2147483648, -1657655389, 1139608448
-2147483648, -1334402688, -2131650432
-2147483648, -1563466564, -848496384
-2147483648, -1732486968, -1592116224
-2147483648, -1936770096, -1112220672
-2147483648, -2143386198, -2012710912
-2147483648, 1906067398, -1898532864
-2147483648, -1070502860, 1609441280
-2147483648, -805163622, -592412672
-2147483648, -965535392, -1773148608
-2147483648, -1162560255, 793431808
-2147483648, -1259053975, 1781932160
-2147483648, -812526660, -651007488
-2147483648, -957035696, -1374887424
-2147483648, -1143490398, -1899710054
-2147483648, -1357381095, -829262758
-2147483648, -1529744780, -331620528
-2147483648, -1657262240, 1789639672
-2147483648, -1009306363, -310809626
-2147483648, -1134686826, 1395210888
-2147483648, 2037873730, -423297120
-2147483648, -176003208, 244798032
-2147483648, -331189256, -1156398713
-2147483648, -1819124595, -1593280480
-2147483648, -2073846336, 408359280
-2147483648, -1907173224, -2078216691
-2147483648, -2146548768, 1766436201
-2147483648, -1265207862, 644447152
-2147483648, -1376234621, -68247056
-2147483648, -1524557700, 1925357744
-2147483648, -875086827, 739969248
-2147483648, -949012928, 336165820
-2147483648, -1068032560, -910704660
-2147483648, -1241098045, 887288826
-2147483648, -1251044201, 475538880
-2147483648, -1386869937, 339058672
-2147483648, -1510277375, 2011494483
-2147483648, -824451464, 240038707
-2147483648, -937873521, -794472054
-2147483648, -1100791395, -2144354314
-2147483648, -1325105562, 1146605296
-2147483648, -1163553768, -208741586
-2147483648, -1284911901, 1438493024
-2147483648, -998624592, 1273303976
-2147483648, -938142039, 1112928024
-2147483648, -986740542, -673661744
-2147483648, -1139441892, 716390885
-2147483648, -1153358157, -377794384