50000000, 0, 0, 0
45179570, 4820430, 0, 0
35352420, 9732500, 4960900, 0
25514998, 14595030, 10262212, 0
15533524, 19922320, 15321888, 0
5929962, 24884454, 20453044, 0
62629, 28993072, 21183400, 0
62629, 28496351, 21359200, 0
51001, 22978158, 26069448, 0
47579, 17554368, 30673786, 0
90799, 12793234, 35601156, 0
95242, 8955327, 40408821, 0
45339, 4215996, 45361612, 0
50980, 0, 50459400, 0
50980, 0, 52450650, 0
50980, 0, 52880400, 0
50980, 0, 54312750, 0
50980, 0, 53071650, 0
50980, 0, 53774100, 0
50980, 0, 53842050, 0
50980, 0, 55179000, 0
50980, 0, 53705700, 0
50980, 0, 53446500, 0
50980, 0, 55390500, 0
50980, 0, 57723300, 0
50980, 0, 60301350, 0
50980, 0, 61474500, 0
50980, 0, 59892300, 0
50980, 0, 59210100, 0
50980, 0, 58173300, 0
50980, 0, 60178500, 0
50980, 0, 60656400, 0
50980, 0, 60696900, 0
50980, 0, 61195050, 0
50980, 0, 60704100, 0
50980, 0, 60185700, 0
50980, 0, 57006900, 0
50980, 0, 58398750, 0
50980, 0, 58316850, 0
5825541, 0, 49513789, 0
11312697, 0, 42585102, 0
16625301, 0, 37791933, 0
21996601, 0, 32838175, 0
27374545, 0, 27500850, 0
32837849, 0, 22474046, 0
38330501, 0, 17102121, 0
32823190, 0, 23053860, 0
27353572, 0, 28910838, 0
21789748, 0, 34972608, 0
16206843, 0, 39859345, 0
10660445, 0, 45145100, 0
5120540, 0, 50632155, 0
10664358, 0, 45124100, 0
16233042, 0, 38727666, 0
10783794, 0, 45150912, 0
16341830, 0, 38400976, 0
21795806, 0, 32228040, 0
22075441, 5076445, 27029520, 0
22242549, 10332608, 22222550, 0
11669038, 15552339, 27845223, 0
946569, 21234004, 34068384, 0
70455, 21524940, 34607034, 0
397752, 21657195, 27575709, 5264091
9792, 21739005, 28450400, 5337876
204940, 21623535, 21895984, 10557696
389854, 21457665, 14457600, 15710058
10690108, 20734740, 8572800, 10313148
14464772, 25612345, 3671286, 6928840
16982042, 30986345, 0, 3461610
15466082, 37005000, 0, 0
6826688, 43234655, 0, 3552964
233698, 50525940, 0, 5266200
233698, 52333372, 0, 5268309
233698, 51214208, 0, 5219823
233698, 51455412, 0, 5268309
5388166, 51378144, 0, 0
456652, 56438438, 0, 0
456652, 57025847, 0, 0
456652, 58026389, 0, 0
456652, 58618948, 0, 0
456652, 58229093, 0, 0
456652, 58495863, 0, 0
456652, 57982820, 0, 0
456652, 58439419, 0, 0
456652, 59334695, 0, 0
456652, 58675392, 0, 0
456652, 58808777, 0, 0
456652, 59273204, 0, 0
456652, 59806744, 0, 0
456652, 61353701, 0, 0
1336, 61358851, 455316, 0
1336, 61982207, 455316, 0
1336, 65532720, 482116, 0
1336, 65673830, 481388, 0
1336, 66907770, 482356, 0
1336, 66494740, 493996, 0
1336, 68239148, 491816, 0
1336, 71130358, 482116, 0
1336, 73883033, 488664, 0
1336, 73857386, 485508, 0
1336, 71897399, 463684, 0
1336, 74637199, 459804, 0
444404, 75196489, 0, 0
444404, 71717870, 0, 0
102008, 73449506, 342396, 0
427673, 72472036, 0, 0
427673, 72536205, 0, 0
427673, 71407428, 0, 0
427673, 70496702, 0, 0
82274, 71173927, 345399, 0
82274, 71907699, 348399, 0
82274, 73549519, 342033, 0
82274, 73841936, 344307, 0
82274, 74216547, 350583, 0
82274, 74321710, 353673, 0
425672, 76256050, 0, 0
425672, 78013333, 0, 0
425672, 77474540, 0, 0
425672, 75093901, 0, 0
425672, 75460684, 0, 0
425672, 74716818, 0, 0
425672, 75860942, 0, 0
425672, 74786034, 0, 0
425672, 75817373, 0, 0
77819, 75994327, 347853, 0
77819, 75255508, 346488, 0
77819, 74852778, 347763, 0
77819, 76669080, 348762, 0
77819, 77189848, 370590, 0
77819, 77266789, 377865, 0
77819, 76843459, 377319, 0
77819, 79501168, 392778, 0
77819, 80039961, 396780, 0
77819, 80537657, 393687, 0
77819, 77577128, 400146, 0
77819, 75896889, 398418, 0
77819, 75958380, 396780, 0
77819, 76173959, 400056, 0
85239, 67983930, 7701008, 0
12185, 59487179, 14738946, 0
17997, 53020046, 22030810, 0
17997, 54398213, 22257420, 0
85785, 46649862, 29609842, 0
85785, 46717335, 29260446, 0
69315, 38591685, 36750240, 0
83191, 31192458, 43699682, 0
39241, 23964699, 52204548, 0
53463, 16365259, 58781394, 0
58947, 9197149, 66691000, 0
8001, 2164785, 77140896, 0
106527, 0, 81807942, 0
106527, 0, 79354898, 0
106527, 0, 80898946, 0
106527, 0, 79440364, 0
106527, 0, 78633814, 0
106527, 0, 78702866, 0
106527, 0, 78479296, 0
106527, 0, 78530802, 0
106527, 0, 79028882, 0
106527, 0, 78479296, 0
106527, 0, 78651360, 0
106527, 0, 79903918, 0
106527, 0, 80452938, 0
106527, 0, 79371878, 0
106527, 0, 79303392, 0
106527, 0, 83730078, 0
106527, 0, 83524054, 0
106527, 0, 85411098, 0
106527, 0, 88036772, 0
106527, 0, 88190724, 0
106527, 0, 87195696, 0
106527, 0, 85119608, 0
106527, 0, 85565616, 0
106527, 0, 87864708, 0
106527, 0, 90318318, 0
106527, 0, 91262406, 0
106527, 0, 89409322, 0
106527, 0, 89048780, 0
106527, 0, 91279386, 0
106527, 0, 92377426, 0
106527, 0, 91690868, 0
106527, 0, 87641704, 0
106527, 0, 89803824, 0
106527, 0, 91982924, 0
106527, 0, 93406980, 0
106527, 0, 92222908, 0
106527, 0, 90558868, 0
106527, 0, 88705784, 0
106527, 0, 88019226, 0
8809971, 0, 77720228, 0
110879, 8386312, 79915290, 0
17165167, 0, 67482244, 0
8856859, 0, 81942724, 0
17275, 0, 91178672, 0
17275, 0, 90232886, 0
17275, 0, 88156390, 0
17275, 0, 92766122, 0
17275, 0, 94791931, 0
17275, 0, 93981496, 0
17275, 0, 95889778, 0
17275, 0, 94724534, 0
17275, 0, 96294717, 0
17275, 0, 93559290, 0
17275, 0, 91972397, 0
17275, 0, 97240503, 0
17275, 0, 97088442, 0
17275, 0, 101225281, 0
17275, 0, 104433601, 0
17275, 0, 103251647, 0
17275, 0, 101698174, 0
17275, 0, 101140617, 0
17275, 0, 101495426, 0
17275, 0, 103302334, 0
17275, 0, 103910021, 0
17275, 0, 103757960, 0
17275, 0, 105159372, 0
17275, 0, 109667730, 0
17275, 0, 108941959, 0
17275, 0, 109009356, 0
17275, 0, 109684440, 0
17275, 0, 112318493, 0
17275, 0, 113314966, 0
17275, 0, 117080286, 0
17275, 0, 117620576, 0
17275, 0, 114986523, 0
17275, 0, 114513630, 0
17275, 0, 120896293, 0
17275, 0, 122635247, 0
17275, 0, 121267812, 0
17275, 0, 125033132, 0
17275, 0, 124864361, 0
17275, 0, 125083819, 0
17275, 0, 125506025, 0
17275, 0, 126485231, 0
17275, 0, 126603315, 0
17275, 0, 121588644, 0
17275, 0, 121875499, 0
17275, 0, 120069148, 0
17275, 0, 120524774, 0
17275, 0, 121757415, 0
17275, 0, 124104613, 0
17275, 0, 124982445, 0
17275, 0, 123851178, 0
17275, 0, 125337254, 0
17275, 0, 124222697, 0
17275, 0, 120642858, 0
17275, 0, 121385896, 0
17275, 0, 126215086, 0
17275, 0, 126586605, 0
17275, 0, 125590132, 0
17275, 0, 128832429, 0
17275, 0, 128410223, 0
17275, 0, 136531840, 0
17275, 0, 141664595, 0
17275, 0, 142323526, 0
17275, 0, 144518106, 0
17275, 0, 143032587, 0
17275, 0, 139283977, 0
17275, 0, 133458871, 0
17275, 0, 128477620, 0
17275, 0, 131145650, 0
12925723, 0, 115484508, 0
25746790, 0, 99869364, 0
38244724, 0, 84854394, 0
38648718, 0, 72274843, 11823774
38785454, 0, 63204968, 23826264
39169208, 0, 51274048, 35930862
39813649, 0, 38638301, 47720616
40494874, 0, 24479280, 58884900
40974648, 0, 12197192, 70304508
40839442, 0, 0, 80919930
52301578, 0, 0, 68772816
63750946, 0, 0, 57246840
75093940, 0, 0, 45371976
86449708, 0, 0, 34067304
97677832, 0, 0, 22456248
109016578, 0, 0, 11338746
120491938, 0, 0, 0
120491938, 0, 0, 0
120491938, 0, 0, 0
120491938, 0, 0, 0
120491938, 0, 0, 0
120491938, 0, 0, 0
120491938, 0, 0, 0
108944002, 0, 0, 11547936
120415102, 0, 0, 0
108828748, 0, 0, 11586354
97314964, 0, 0, 23027568
85818262, 0, 0, 34490106
97306426, 0, 0, 22976328
85754224, 0, 0, 34656606
74120908, 0, 0, 46533264
62594320, 0, 0, 57632940
50995156, 0, 0, 69594984
39421606, 0, 0, 81014850
27796828, 0, 0, 92998224
16116550, 0, 0, 105122502
4474696, 0, 0, 116418540
561348, 0, 0, 121313788
561348, 0, 0, 123034288
561348, 0, 0, 122372562
561348, 0, 0, 119769740
12023898, 0, 0, 106983800
179806, 11844092, 0, 107621360
179806, 11970049, 0, 107621360
11663704, 12213214, 0, 95699150
12377442, 23610288, 0, 84590880
767766, 34829028, 0, 85248372
767766, 34968924, 0, 85185760
767766, 34941996, 0, 86281492
767766, 36254700, 0, 86531940
156543, 36581976, 611223, 86845044
156543, 36867996, 647874, 86281492
156543, 36417888, 634686, 85310984
156543, 37334232, 624501, 85436208
11738631, 36731700, 618315, 73353224
11742022, 47872179, 1011125, 61930496
11675901, 58095410, 1611984, 50078028
11595481, 69914388, 1964660, 38194280
11739427, 80546080, 2408880, 27114528
11634214, 93039947, 2786168, 15385864
11598723, 105429750, 3075210, 3846466
3965895, 121930928, 3658068, 0
76539, 126170755, 4185615, 0
76539, 122349880, 4212348, 0
76539, 122009020, 4338411, 0
76539, 120307595, 4415439, 0
76539, 119709020, 4481001, 0
76539, 114255490, 4430706, 0
152367, 101281342, 16283250, 0
168812, 90320540, 26956875, 0
202691, 79638309, 37734200, 0
109050, 68744830, 49033800, 0
28554, 58012576, 59930200, 0
28554, 60072797, 59213275, 0
154193, 48176976, 69769868, 0
151741, 34699932, 78917762, 0
22621155, 22363968, 67108902, 0
44024958, 12180831, 56101227, 0
66350271, 924783, 42547896, 0
78163674, 0, 31850630, 0
89080542, 0, 19918496, 0
99836122, 0, 9582244, 0
109250541, 0, 0, 0
109250541, 0, 0, 0
109250541, 0, 0, 0
109250541, 0, 0, 0
109250541, 0, 0, 0
109250541, 0, 0, 0
109250541, 0, 0, 0
109250541, 0, 0, 0
109250541, 0, 0, 0
109250541, 0, 0, 0
98565867, 10684674, 0, 0
109155193, 0, 0, 0
98379835, 10775358, 0, 0
87788859, 21181952, 0, 0
98242027, 10453168, 0, 0
87652426, 21179202, 0, 0
77121180, 31593738, 0, 0
66408841, 42849356, 0, 0
55704719, 53520610, 0, 0
45070733, 63803916, 0, 0
34463323, 74251870, 0, 0
14556101, 87136590, 0, 9891522
329950, 97621818, 0, 13074400
9972892, 98820260, 0, 3214314
911908, 107725032, 0, 3260030
911908, 107218708, 0, 3265744
911908, 108228681, 0, 3308602
911908, 111346768, 0, 3352886
911908, 111751870, 0, 3328600
911908, 112783243, 0, 3385746
911908, 112319505, 0, 3335744
911908, 112780568, 0, 3354316
911908, 112050293, 0, 3328600
911908, 111450665, 0, 3357174
911908, 113145652, 0, 3300030
4146224, 111197503, 0, 0
73192, 113026638, 0, 0
73192, 111553113, 0, 0
73192, 112766787, 0, 0
1369874, 100386200, 0, 9745800
2272735, 88445975, 0, 20057328
242623, 75206508, 11004000, 21218054
254700, 65099411, 21719906, 22165208
165338, 54521600, 32769264, 22285926
131858, 43639425, 43742255, 22490208
44639, 32645134, 55761408, 22629490
143055, 21905890, 65729322, 22165208
39671, 11600112, 78736680, 22518067
124696, 962890, 92088705, 22341631
41715, 0, 92049800, 22276631
41715, 0, 93392692, 22564490
41715, 0, 95352112, 22480913
41715, 0, 93584340, 22555195
41715, 0, 92090932, 22490208
41715, 0, 88761500, 22601631
41715, 0, 87130684, 22694503
41715, 0, 87788344, 22713067
41715, 0, 87212948, 22685221
41715, 0, 87610256, 22778067
41715, 0, 91049524, 22945832
41715, 0, 93145900, 23020387
41715, 0, 92611636, 23020387
41715, 0, 93050076, 24036272
41715, 0, 91200492, 24343826
41715, 0, 92652768, 23877828
41715, 0, 92227888, 23924420
41715, 0, 92913120, 23989667
41715, 0, 94200868, 24092185
41715, 0, 91775888, 24185395
41715, 0, 91090656, 24082877
41715, 0, 91748316, 24045593
41715, 0, 92967812, 23952370
41715, 0, 93694176, 24082877
41715, 0, 97941620, 23868507
41715, 0, 95955080, 23868507
41715, 0, 99750524, 23700742
41715, 0, 99366776, 23859186
41715, 0, 99339204, 24148111
41715, 0, 99517292, 24166740
41715, 0, 101668812, 24213345
41715, 0, 101627680, 24539541
41715, 0, 101531856, 25024194
41715, 0, 101243932, 24968268
41715, 0, 101079404, 25033515
41715, 0, 103121088, 25331735
41715, 0, 102285340, 25070786
41715, 0, 100024436, 24847108
41715, 0, 103792308, 25117391
41715, 0, 106341136, 25350390
41715, 0, 104696760, 25574068
41715, 0, 105518948, 25536784
41715, 0, 105477816, 25490192
41715, 0, 102572812, 25499500
41715, 0, 101504284, 25508821
41715, 0, 103285616, 26040066
41715, 0, 102531680, 26021424
41715, 0, 101695932, 25974845
41715, 0, 102257768, 25835030
41715, 0, 101134096, 25807067
848715, 0, 87686050, 37513695
164283, 0, 90801312, 38439964
164283, 0, 90511568, 38644290
164283, 0, 90970064, 38753274
767286, 0, 76794223, 50973200
1151444, 0, 64390335, 63384553
90272, 1061172, 68243535, 62873394
90272, 1144883, 69072885, 63184541
90272, 1197461, 70377615, 63229026
90272, 1178856, 70023360, 62851167
90272, 1211957, 70567710, 62917848
90272, 1208221, 71008320, 63006756
90272, 1183563, 69470460, 62984529
90272, 1186975, 69479010, 63406780
90272, 1186527, 70049295, 63806835
90272, 1164385, 68390310, 64029074
90272, 1170388, 68234985, 63940197
90272, 1175095, 67638765, 63851258
90272, 1187922, 68865690, 64095755
90272, 1177013, 69556815, 64340221
90272, 1183065, 71232900, 64406902
90272, 1177162, 72001830, 65029196
90272, 1179454, 71811735, 64984742
90272, 1198084, 72874500, 65229177
90272, 1218682, 73435950, 65184599
90272, 1225232, 72615150, 64939327
90272, 1235120, 73962915, 65719783
90272, 1242318, 74170110, 65563729
90272, 1233003, 74705910, 66656448
90272, 1269367, 76546155, 66723377
90272, 1265282, 78023595, 66723377
90272, 1257785, 79163880, 66366567
90272, 1207349, 77358405, 65742134
90272, 1219180, 79319490, 65541440
90272, 1207100, 79310655, 65942828
90272, 1207499, 79189815, 65474511
180467, 0, 80003581, 64939327
180467, 0, 79828158, 65407613
180467, 0, 79959653, 64961585
12693257, 0, 78698168, 52136625
12480623, 0, 88918798, 39432467
173231, 0, 102472416, 40184221
173231, 0, 103041554, 40375570
1571333, 0, 85910454, 52927925
221598, 0, 90162298, 53143750
221598, 0, 89655954, 54078925
221598, 0, 88815610, 54294725
1570575, 0, 72287505, 66656448
2493136, 0, 59130866, 79823874
3637370, 0, 43937082, 93077628
4518992, 0, 29151264, 105677467
5430664, 0, 15200102, 117272265
6076202, 0, 1482540, 131601522
1080248, 0, 0, 138211840
1080248, 0, 0, 138027712
1080248, 0, 0, 137475264
1080248, 0, 0, 137475264
1080248, 0, 0, 137244992
13873586, 0, 0, 123668934
624801, 13248785, 0, 124879046
63565, 13301387, 561236, 125004094
63565, 13409880, 588094, 123752454
63565, 13690974, 580818, 128091724
63565, 13835635, 573664, 130219628
63565, 13815912, 588700, 130010944
63565, 13624127, 575666, 129760616
63565, 13365220, 540016, 129343364
63565, 13417822, 536560, 129802376
589757, 13173721, 0, 128175070
589757, 13124672, 0, 128258590
589757, 13673165, 0, 129718914
589757, 13372348, 0, 127048652
589757, 13584681, 0, 127674414
589757, 13492347, 0, 127382384
589757, 13543035, 0, 127173758
589757, 13739748, 0, 128759246
589757, 13198647, 0, 127507548
26812285, 0, 0, 112933028
39592681, 0, 0, 97983036
52329913, 0, 0, 84914880
65006719, 0, 0, 71835234
77636041, 0, 0, 58936836
90144517, 0, 0, 45864412
102635725, 0, 0, 33309888
115200559, 0, 0, 20941390
127934311, 0, 0, 8489168
136440803, 0, 0, 0
136440803, 0, 0, 0
136440803, 0, 0, 0
122920703, 0, 13520100, 0
109353603, 0, 27134200, 0
95853203, 0, 40501200, 0
82437703, 0, 53662000, 0
95922281, 0, 37400622, 0
109003169, 0, 24622848, 0
95807419, 0, 38531590, 0
109011982, 0, 24596735, 0
95666761, 0, 38203966, 0
82299761, 0, 52398640, 0
69004011, 0, 65415090, 0
55665811, 0, 78962144, 0
42332161, 0, 92268858, 0
28982944, 0, 107611035, 0
15584094, 0, 119249765, 0
2215571, 0, 134776538, 0
43379, 0, 136305048, 0
43379, 0, 136335168, 0
43379, 0, 138679006, 0
43379, 0, 139211628, 0
43379, 0, 142848618, 0
43379, 0, 142985162, 0
43379, 0, 142315996, 0
43379, 0, 145861622, 0
43379, 0, 145268258, 0
43379, 0, 141889798, 0
43379, 0, 142665890, 0
43379, 0, 141387296, 0
43379, 0, 142513784, 0
43379, 0, 143806936, 0
43379, 0, 143457042, 0
43379, 0, 144081028, 0
43379, 0, 142513784, 0
43379, 0, 143426420, 0
43379, 0, 140900356, 0
43379, 0, 140291932, 0
1603094, 0, 123373305, 12391590
1559223, 1181247, 111419124, 24887124
1580497, 2355172, 96408576, 37486620
1709658, 3556743, 82760080, 49549032
1790997, 4698884, 68958792, 62131200
1532762, 6008475, 55980904, 75415032
56068, 7159362, 57827268, 74791296
56068, 7136202, 57660396, 74817288
56068, 7143072, 58965180, 75337020
56068, 7190742, 61123500, 75622896
56068, 7158318, 61791396, 78273576
56068, 7044294, 61717140, 77805864
56068, 7008726, 61513140, 79001244
17245, 0, 69081321, 79546968
17245, 0, 69088358, 80482500
17245, 0, 69370519, 79417044
17245, 0, 71510448, 79806852
17245, 0, 72294960, 79910820
17245, 0, 73547319, 79988796
17245, 0, 73863984, 79469028
17245, 0, 74827372, 80274636
17245, 0, 75253905, 80482500
17245, 0, 73987699, 80560728
17245, 0, 73863984, 81003960
17245, 0, 75309066, 80769312
17245, 0, 75708132, 80378244
17245, 0, 77056966, 80951796
17245, 0, 78130449, 80013276
17245, 0, 77683032, 79726428
17245, 0, 76169169, 78657516
17245, 0, 78185383, 79465716
17245, 0, 78687734, 80273952
17245, 0, 81729307, 81108216
17245, 0, 83394579, 80013276
17245, 0, 81474613, 79752528
17245, 0, 83490827, 80091432
17245, 0, 84412901, 79726428
15372599, 0, 85080508, 63615038
15148720, 14111251, 86504610, 47192178
15504615, 28246064, 87552160, 32643615
15440179, 43301584, 84528040, 17392544
15485927, 57831752, 84661672, 2161756
2230004, 72986214, 82992503, 0
257639, 73891895, 84595300, 0
257639, 74340118, 85841975, 0
257639, 75708210, 89111765, 0
257639, 75577407, 88093040, 0
257639, 74939676, 86589980, 0
257639, 75548025, 88264120, 0
257639, 77145391, 87623040, 0
257639, 77503934, 87152805, 0
257639, 77921241, 85236380, 0
257639, 77337849, 86832265, 0
257639, 77149757, 85884745, 0
257639, 76810330, 86939190, 0
257639, 77938882, 86383415, 0
257639, 78520799, 90593675, 0
257639, 79592062, 94568700, 0
257639, 79264376, 94248160, 0
257639, 79728706, 92844740, 0
257639, 79843343, 94283880, 0
257639, 80009428, 94312315, 0
257639, 80135806, 95508935, 0
257639, 81139455, 98116495, 0
257639, 81261408, 98379930, 0
257639, 81556762, 98956855, 0
257639, 80748580, 98394265, 0
257639, 80614827, 99733530, 0
103537, 59590424, 119399884, 0
114223, 40847680, 137218410, 0
400556, 24323819, 145161985, 0
262209, 7617846, 164356340, 0
329789, 0, 182345432, 0
329789, 0, 179660428, 0
329789, 0, 176637996, 0
17904225, 0, 146986192, 0
1534585, 0, 166970328, 0
293311, 0, 170054538, 0
17080375, 0, 147486348, 0
680415, 0, 167689591, 0
271083, 0, 167826120, 0
1718590, 0, 149902560, 15208333
33047085, 0, 124903640, 0
48583092, 0, 107994195, 0
64078452, 0, 94909080, 0
79869864, 0, 76325158, 0
95135436, 0, 58518026, 0
110392997, 0, 41869586, 0
125563571, 0, 28491078, 0
140754030, 0, 13337964, 0
154675842, 0, 0, 0
154675842, 0, 0, 0
154675842, 0, 0, 0
139500292, 0, 15175550, 0
154333740, 0, 0, 0
154333740, 0, 0, 0
123966084, 15328932, 15038724, 0
93399274, 30569400, 30564220, 0
62887066, 46199304, 46176900, 0
33204094, 61474684, 63366160, 0
1675342, 77559748, 75867408, 0
371430, 78234720, 74896593, 0
371430, 77611560, 73099167, 0
371430, 76883820, 75839592, 0
371430, 77907480, 75162858, 0
371430, 78104700, 75917367, 0
371430, 78423000, 76111530, 0
371430, 79016280, 77004570, 0
371430, 78500760, 76782774, 0
371430, 79990620, 78175221, 0
371430, 81721140, 78091956, 0
371430, 82614840, 77836854, 0
371430, 83701260, 79966974, 0
371430, 84884820, 82258134, 0
371430, 85031280, 84976416, 0
371430, 84905700, 84748947, 0
371430, 84807120, 85708599, 0
371430, 84772740, 85137273, 0
371430, 87056160, 86729373, 0
371430, 87331140, 87900024, 0
371430, 87275820, 87605943, 0
371430, 86530140, 86673924, 0
371430, 88774740, 89564226, 0
371430, 91101480, 93147915, 0
371430, 91932360, 93120099, 0
371430, 93458160, 92526447, 0
371430, 92951580, 89996838, 0
371430, 95251440, 92781732, 0
371430, 92669100, 92631855, 0
371430, 92054940, 94074261, 0
371430, 94667160, 95832891, 0
371430, 95584680, 96248850, 0
371430, 96345360, 94540362, 0
371430, 97247940, 96725931, 0
371430, 100986960, 103272024, 0
371430, 100994400, 103144473, 0
371430, 99901980, 101397006, 0
371430, 100812120, 102462066, 0
371430, 101503980, 102678372, 0
371430, 103826340, 103737942, 0
371430, 105653940, 105374511, 0
371430, 105087600, 103982064, 0
371430, 106289040, 104220696, 0
371430, 108441000, 103283187, 0
371430, 110852940, 106395285, 0
371430, 109530420, 103349616, 0
371430, 103687320, 97341726, 0
813142, 99223560, 71686615, 19610488
21833815, 75565152, 47543220, 36388125
4180691, 97067272, 34519673, 55278146
23074280, 76714032, 15106440, 71745942
38035602, 58025102, 0, 88617672
37995696, 41032134, 0, 106883595
37809003, 23381730, 0, 123809250
37927504, 6461180, 0, 143719344
27036925, 0, 0, 159735872
1035807, 18539752, 0, 166637174
36110416, 0, 0, 144240060
36207990, 16776360, 0, 127759786
18138123, 34483740, 18028593, 113032488
17363976, 52079790, 18994406, 95519034
17253228, 69041200, 18781056, 78397952
17081086, 84873100, 18434766, 60008850
16766885, 102240720, 18532652, 43009506
17977068, 120042957, 19681445, 27390451
162348, 140736288, 20153595, 27711255
162348, 140659579, 20615140, 27695217
162348, 141358097, 20605585, 27879687
17567106, 137576288, 20004005, 9945576
148646, 155024294, 20250160, 10053488
148646, 153849405, 20353060, 10272236
148646, 152942762, 20200285, 10298484
595967, 130012506, 37452531, 10030152
171519, 114041984, 54359424, 10132236
389169, 97851858, 71054336, 10146820
389169, 99631588, 72641408, 10359728
389169, 100642760, 75241088, 10517228
389169, 101226414, 77138560, 10668888
389169, 102686854, 77196800, 10677636
389169, 101227864, 77049344, 10490976
389169, 101486428, 77538304, 10534724
389169, 99890152, 76859264, 10383064
326360, 81915744, 92730637, 10272236
259114, 64863188, 109910004, 10315984
46297978, 44181882, 83508318, 0
79700608, 27490071, 65158500, 0
112564918, 11013114, 45683440, 0
140812148, 0, 30998652, 0
157541360, 0, 14030952, 0
171152230, 0, 0, 0
171152230, 0, 0, 0
171152230, 0, 0, 0
171152230, 0, 0, 0
171152230, 0, 0, 0
171152230, 0, 0, 0
171152230, 0, 0, 0
171152230, 0, 0, 0
171152230, 0, 0, 0
171152230, 0, 0, 0
171152230, 0, 0, 0
171152230, 0, 0, 0
171152230, 0, 0, 0
171152230, 0, 0, 0
171152230, 0, 0, 0
171152230, 0, 0, 0
171152230, 0, 0, 0
171152230, 0, 0, 0
171152230, 0, 0, 0
171152230, 0, 0, 0
171152230, 0, 0, 0
171152230, 0, 0, 0
171152230, 0, 0, 0
171152230, 0, 0, 0
171152230, 0, 0, 0
171152230, 0, 0, 0
171152230, 0, 0, 0
171152230, 0, 0, 0
171152230, 0, 0, 0
171152230, 0, 0, 0
171152230, 0, 0, 0
171152230, 0, 0, 0
171152230, 0, 0, 0
171152230, 0, 0, 0
171152230, 0, 0, 0
171152230, 0, 0, 0
171152230, 0, 0, 0
171152230, 0, 0, 0
171152230, 0, 0, 0
171152230, 0, 0, 0
139163350, 0, 16986200, 15002680
105587906, 0, 33620312, 31434915
72151397, 0, 50806909, 48183367
71636833, 0, 67166225, 30699270
38161261, 0, 84133449, 47644638
6176301, 0, 105086952, 64604640
280056, 0, 108490908, 62847870
280056, 0, 111502896, 64077570
280056, 0, 116740548, 64055640
280056, 0, 117953568, 63989790
280056, 0, 121367412, 62716110
16705704, 0, 117343056, 45170532
16575540, 0, 136125908, 28601426
45236, 0, 153122816, 29083054
45236, 0, 159557024, 30230816
45236, 0, 157380256, 29882384
45236, 0, 161776736, 29718416
45236, 0, 163345248, 29882384
45236, 0, 166343584, 29882384
45236, 0, 163088992, 29462230
45236, 0, 161595104, 29605702
45236, 0, 164913760, 29831144
18675614, 0, 157006784, 10350210
10498394, 17998928, 158137646, 0
9863401, 0, 177221594, 0
330857, 9066616, 184041560, 0
330857, 8957224, 184987585, 0
330857, 10747912, 192830705, 0
330857, 10715632, 201355990, 0
330857, 11058544, 191825035, 0
330857, 10888984, 195045865, 0
330857, 10820240, 202290165, 0
330857, 10840560, 203236190, 0
330857, 11001160, 206241745, 0
330857, 11127688, 209606355, 0
330857, 11442904, 208289030, 0
330857, 11817304, 215533725, 0
330857, 11582384, 216659080, 0
330857, 11853568, 221197235, 0
330857, 11683408, 223508380, 0
330857, 11536752, 218634870, 0
330857, 11616656, 221592630, 0
330857, 11421184, 219664635, 0
330857, 11655112, 225304445, 0
330857, 11616456, 227459565, 0
330857, 11482952, 223029245, 0
330857, 11576608, 227184250, 0
330857, 11558072, 224657830, 0
330857, 11507264, 219844360, 0
330857, 11528784, 222598300, 0
330857, 10958720, 213366360, 0
330857, 10948160, 212001240, 0
198557, 0, 227918415, 0
198557, 0, 234535590, 0
198557, 0, 235265575, 0
198557, 0, 234863025, 0
198557, 0, 237454285, 0
198557, 0, 234120590, 0
198557, 0, 233202195, 0
198557, 0, 232976020, 0
198557, 0, 238310015, 0
198557, 0, 233542080, 0
23321027, 0, 205349555, 0
810947, 0, 232416576, 0
23831567, 0, 203348810, 0
46416156, 0, 172273144, 0
46482661, 0, 149964675, 21357020
25271346, 21400155, 132410525, 42508320
47387251, 0, 113847723, 63475950
90512586, 0, 89949590, 41817740
91193746, 0, 69096258, 63762480
134248908, 0, 44630544, 41479780
176319467, 0, 22571517, 20548880
218224889, 0, 1050384, 0
219300373, 0, 0, 0
219300373, 0, 0, 0
219300373, 0, 0, 0
219300373, 0, 0, 0
219300373, 0, 0, 0
219300373, 0, 0, 0
219300373, 0, 0, 0
219300373, 0, 0, 0
197528773, 0, 21771600, 0
218657733, 0, 0, 0
218657733, 0, 0, 0
218657733, 0, 0, 0
218657733, 0, 0, 0
218657733, 0, 0, 0
218657733, 0, 0, 0
198439463, 0, 0, 20218270
217438173, 0, 0, 0
217438173, 0, 0, 0
217438173, 0, 0, 0
217438173, 0, 0, 0
217438173, 0, 0, 0
217438173, 0, 0, 0
217438173, 0, 0, 0
217438173, 0, 0, 0
217438173, 0, 0, 0
217438173, 0, 0, 0
217438173, 0, 0, 0
217438173, 0, 0, 0
217438173, 0, 0, 0
197587243, 0, 0, 19850930
177464483, 0, 0, 40245520
135211071, 0, 21586992, 61999260
93142209, 0, 43668956, 81989800
51053449, 0, 65896266, 103295400
8807369, 0, 88595716, 123028800
166153, 7554030, 89692845, 123028800
166153, 7623672, 87902265, 122587980
169221, 0, 95170720, 122058960
169221, 0, 94161339, 120908340
169221, 0, 95414876, 120775560
169221, 0, 94573755, 120288720
169221, 0, 95930396, 123209640
169221, 0, 93629530, 122413020
169221, 0, 94221125, 120687060
169221, 0, 94779963, 121970460
169221, 0, 94275362, 123652260
169221, 0, 91990964, 120775560
1339323, 0, 69019367, 139923840
41932038, 0, 48588000, 119049540
81894398, 0, 26391150, 97179550
121208012, 0, 5826864, 75678360
146218924, 0, 0, 57798780
165470434, 0, 0, 38503020
184972724, 0, 0, 19502290
164806584, 0, 0, 40332280
144433914, 0, 0, 61118010
164216504, 0, 0, 39565180
183386884, 0, 0, 19170380
201509854, 0, 0, 0
201509854, 0, 0, 0
201509854, 0, 0, 0
201509854, 0, 0, 0
201509854, 0, 0, 0
201509854, 0, 0, 0
201509854, 0, 0, 0
183320494, 0, 0, 18189360
199923262, 0, 0, 0
180236562, 0, 0, 19686700
199768362, 0, 0, 0
199768362, 0, 0, 0
199768362, 0, 0, 0
199768362, 0, 0, 0
199768362, 0, 0, 0
199768362, 0, 0, 0
199768362, 0, 0, 0
199768362, 0, 0, 0
199768362, 0, 0, 0
199768362, 0, 0, 0
199768362, 0, 0, 0
199768362, 0, 0, 0
199768362, 0, 0, 0
199768362, 0, 0, 0
199768362, 0, 0, 0
199768362, 0, 0, 0
199768362, 0, 0, 0
199768362, 0, 0, 0
199768362, 0, 0, 0
199768362, 0, 0, 0
199768362, 0, 0, 0
179908490, 0, 19859872, 0
160013340, 0, 39138000, 0
140234700, 0, 58687440, 0
120383796, 0, 80749440, 0
100342516, 0, 95196080, 0
119869361, 0, 71798707, 0
138928945, 0, 52116050, 0
157821325, 0, 31971720, 0
176782267, 0, 12640628, 0
188802671, 0, 0, 0
188802671, 0, 0, 0
188802671, 0, 0, 0
188802671, 0, 0, 0
188802671, 0, 0, 0
188802671, 0, 0, 0
188802671, 0, 0, 0
188802671, 0, 0, 0
188802671, 0, 0, 0
188802671, 0, 0, 0
188802671, 0, 0, 0
188802671, 0, 0, 0
188802671, 0, 0, 0
188802671, 0, 0, 0
170197103, 0, 18605568, 0
187931567, 0, 0, 0
187931567, 0, 0, 0
150466967, 0, 18742104, 18722496
113607132, 0, 37308729, 36714264
58025043, 18460008, 55374990, 55098108
111734291, 0, 35134048, 34664688
93024211, 18088396, 54217254, 17252136
74099151, 35593604, 70370370, 0
20419233, 55091084, 88811416, 17920476
37988921, 71449287, 64867440, 0
38337591, 87326739, 47713424, 0
38530054, 104291415, 30829451, 0
38664289, 116920158, 12215911, 0
34641506, 133608060, 0, 0
18041494, 152418292, 0, 0
1583382, 167573504, 0, 0
101836, 167414698, 0, 0
101836, 170617570, 0, 0
101836, 173172952, 0, 0
101836, 180867800, 0, 0
101836, 184656012, 0, 0
101836, 188039006, 0, 0
101836, 181256068, 0, 0
101836, 183046214, 0, 0
101836, 177349658, 0, 0
101836, 176009930, 0, 0
101836, 176927490, 0, 0
17342981, 152171845, 0, 0
33726007, 134787623, 0, 0
34045942, 118673943, 0, 16100359
65338966, 95775960, 0, 0
81191236, 86810050, 0, 0
97985772, 70995084, 0, 0
81811412, 91385134, 0, 0
47752373, 108091234, 17119368, 0
14187793, 127143170, 34380000, 0
7530, 147631230, 35980434, 0
7530, 145365980, 35522046, 0
7530, 143337880, 34425846, 0
7530, 144201650, 34952904, 0
7530, 144150820, 35514486, 0
7530, 145230490, 35732214, 0
7530, 149769490, 36843660, 0
7530, 157204610, 38088792, 0
7530, 160375960, 39154500, 0
7530, 151797760, 37366938, 0
7530, 151598690, 36981126, 0
7530, 153719950, 37916928, 0
7530, 151446200, 37874970, 0
7530, 145086670, 36106434, 0
7530, 149511260, 36045324, 0
18416919, 145078170, 16211253, 0
17470554, 163949100, 0, 0
35556050, 138107424, 0, 0
18348070, 161755012, 0, 0
478960, 177840190, 0, 0
478960, 175518618, 0, 0
17315340, 159103791, 0, 0
34427085, 136893960, 0, 0
51450966, 119167167, 0, 0
68131728, 100084572, 0, 0
84879140, 79169584, 0, 0
101018564, 63789152, 0, 0
116957762, 44195049, 0, 0
132308722, 31469468, 0, 0
131849704, 16627947, 16295158, 0
131609528, 805804, 33296664, 0
116132581, 0, 49436510, 0
99644932, 0, 65661339, 0
83330938, 0, 84893191, 0
66712492, 0, 103095915, 0
49769632, 0, 120140280, 0
32831777, 0, 137042645, 0
17022, 16496655, 161549190, 0
17022, 16428977, 159808275, 0
17022, 16282278, 159793425, 0
17022, 16718594, 164865195, 0
17022, 16454076, 160333470, 0
17022, 16216975, 156792240, 0
17022, 16471100, 157737690, 0
17022, 16756461, 163094580, 0
17022, 17154435, 169127145, 0
17022, 17498943, 174048435, 0
17022, 17426078, 177740145, 0
17022, 16972244, 172562940, 0
17022, 17130780, 174543930, 0
17022, 17627668, 179420670, 0
17022, 17893155, 180395820, 0
17022, 17457789, 177529770, 0
17022, 17958933, 176524425, 0
17022, 18396180, 182241675, 0
17022, 18561822, 185197815, 0
17022, 17949452, 180816075, 0
17022, 18052147, 182706975, 0
17022, 18165254, 182331765, 0
17022, 18204527, 188168805, 0
17022, 18431672, 185918040, 0
17022, 18264149, 187163460, 0
17022, 18158148, 185918040, 0
17022, 18525380, 187778745, 0
17022, 18738332, 188814285, 0
17022, 18630431, 190929915, 0
17022, 19022743, 198177705, 0
17022, 19070528, 199138005, 0
17022, 19093252, 198822690, 0
17022, 18768618, 193660830, 0
17022, 19275918, 193855860, 0
17022, 19306679, 194426100, 0
17022, 18882200, 186698160, 0
1104462, 18434047, 159015897, 19197048
394704, 19302640, 143866832, 38996724
780493, 19427180, 123206860, 58961643
12637, 19767900, 128231952, 60069711
12637, 19869520, 129042236, 59600190
12637, 19784840, 127442376, 59805603
1329459, 19750960, 105027039, 77549732
1083213, 20581596, 83553300, 96594810
76089, 22156728, 89200800, 99480420
76089, 22222486, 90749025, 98453355
76089, 22487696, 92126925, 100018425
76089, 22861938, 92631600, 102170445
76089, 23373174, 95046075, 104664820
76089, 23474000, 95141700, 104664820
76089, 23652090, 96137550, 106278770
76089, 24124958, 98040375, 106767895
76089, 24346344, 98674875, 108283955
76089, 24042216, 98115525, 107843840
76089, 23869626, 97344675, 107990545
76089, 23704142, 95660100, 110289335
76089, 23506890, 95455350, 111658755
76089, 23278926, 93422925, 114104185
76089, 22836748, 92822625, 114544365
76089, 22794552, 92999925, 114691070
76089, 22748528, 92474775, 115815960
76089, 22688248, 92679300, 114935600
76089, 23018666, 95134950, 117723385
326148, 0, 115766150, 113859590
326148, 0, 112934720, 114153065
326148, 0, 114797042, 114788895
326148, 0, 117864494, 116354030
326148, 0, 120039010, 114201945
326148, 0, 119642860, 116696320
326148, 0, 120030392, 116256140
326148, 0, 120367606, 117576615
326148, 0, 117999324, 114299770
326148, 0, 116811152, 113468355
45349805, 0, 91120566, 88153156
89463845, 0, 70298930, 66202890
133735700, 0, 47536745, 43900506
177892330, 0, 26034482, 21901347
112287162, 22192548, 49189974, 43698100
45042059, 44425920, 71592314, 66078010
507425, 67662708, 96620118, 68965896
60231, 68346816, 97488292, 69880860
60231, 66439696, 100283706, 69451954
60231, 66427358, 101050194, 70138158
60231, 66076810, 100125002, 70995970
60231, 66044384, 103581392, 70910204
60231, 67534554, 104295124, 73083234
22998445, 68982998, 105729128, 44111950
22961811, 90843454, 106287051, 20866740
21273195, 111742836, 107190746, 0
144065, 131469767, 107695974, 0
144065, 134302619, 109553448, 0
144065, 133522048, 109957266, 0
144065, 136282663, 112002996, 0
144065, 136740769, 111410922, 0
144065, 135960198, 111114774, 0
144065, 135725095, 110307138, 0
144065, 137756322, 111383838, 0
144065, 137608702, 110852148, 0
144065, 136804052, 109580310, 0
144065, 138202328, 111249306, 0
144065, 139317464, 113342322, 0
144065, 138630305, 112238538, 0
144065, 134076591, 107399826, 0
144065, 134194203, 110367744, 0
144065, 133799380, 110771562, 0
144065, 138753846, 111935730, 0
144065, 140209476, 113880672, 0
144065, 141261329, 113773002, 0
144065, 142056904, 114001662, 0
144065, 141041230, 112662558, 0
144065, 140456679, 114035406, 0
144065, 140061856, 114439224, 0
144065, 139133665, 113200908, 0
144065, 137352545, 111242646, 0
430834, 111701205, 135697559, 0
430834, 112813272, 136823022, 0
430834, 113745357, 139911880, 0
430834, 113084532, 142064433, 0
430834, 114403707, 140593716, 0
430834, 116122347, 141760371, 0
430834, 116418258, 141431648, 0
430834, 117153036, 142713207, 0
430834, 117749709, 143896122, 0
430834, 120400434, 149408533, 0
430834, 121246191, 151610137, 0
430834, 121182039, 151996312, 0
430834, 122548140, 151174911, 0
430834, 123056109, 151552685, 0
430834, 122908104, 152390617, 0
430834, 122491413, 151010685, 0
430834, 121433598, 149819369, 0
430834, 122925330, 152924758, 0
430834, 122925330, 152291973, 0
430834, 122264505, 152267583, 0
430834, 120131649, 148579002, 0
430834, 119485674, 151897668, 0
430834, 120457161, 152817984, 0
430834, 122977206, 156095729, 0
430834, 127612782, 156292746, 0
430834, 126784251, 155487876, 0
430834, 127294695, 156473503, 0
430834, 129215493, 156752904, 0
430834, 129725937, 156103859, 0
430834, 131996898, 157147209, 0
430834, 130662972, 156547486, 0
430834, 135579609, 154485447, 0
430834, 136131930, 155972424, 0
430834, 136040751, 163284004, 0
430834, 135887895, 168344658, 0
430834, 136625148, 168574466, 0
430834, 136526544, 167539517, 0
430834, 136654749, 166340071, 0
430834, 135194994, 162142010, 0
430834, 133224894, 158059124, 0
430834, 135875520, 161304078, 0
769156, 132194205, 125141199, 29375570
2038141, 131668911, 96985213, 56959335
2228296, 133820900, 68089301, 83324880
1623354, 135923780, 40489680, 112530978
256851, 139383306, 41172950, 114175197
256851, 140005710, 41238750, 114375696
256851, 142904346, 42749630, 116260641
256851, 143984016, 43072120, 116340777
256851, 144949446, 43129450, 116781949
256851, 144260946, 42862050, 117744429
256851, 145327968, 43384110, 118827219
256851, 146402640, 43846670, 118466342
256851, 146709966, 43925210, 120842862
256851, 146496582, 43704500, 121285995
256851, 145566750, 42548030, 119956702
256851, 144797058, 42422800, 119312222
256851, 147944676, 43687490, 120601182
256851, 148132662, 43381940, 120480342
256851, 148805862, 43328950, 119996982
256851, 147286674, 42564970, 117700969
256851, 148109814, 42420700, 118466342
1058267, 149855136, 11344862, 150533724
1043823, 149255580, 0, 160696714
1043823, 148805862, 0, 160966514
1043823, 148620426, 0, 161775914
1043823, 148935504, 0, 160750674
1043823, 149138688, 0, 159563483
1043823, 149639202, 0, 160318994
1043823, 150269256, 0, 161182425
1043823, 150017724, 0, 161074434
1043823, 151343826, 0, 162477465
1043823, 150685824, 0, 161991754
1043823, 151859538, 0, 162423434
1043823, 150889110, 0, 159725363
1043823, 151519164, 0, 163826465
1043823, 152093322, 0, 164689896
436449, 152713176, 607374, 166308696
436449, 155395878, 612649, 166848367
436449, 157123452, 633687, 167279976
436449, 158238720, 641478, 168197367
436449, 157357134, 633869, 169384487
436449, 158203122, 641568, 167064136
436449, 157504524, 638810, 164473985
436449, 159224346, 648753, 167010176
436449, 158523198, 649874, 167064136
436449, 154527042, 639538, 166038825
230817, 119855943, 31917750, 164312105
230817, 121453749, 32129950, 165445336
30138292, 121270203, 31846500, 133433350
59248331, 88241220, 62968500, 102841830
28679157, 57027516, 95146483, 133785990
185862, 26444124, 125704062, 164711120
593773, 0, 149197901, 164179120
593773, 0, 155798125, 165455920
593773, 0, 153399999, 162742720
30244355, 0, 150748294, 130006398
91631099, 0, 112698856, 94643559
150148220, 0, 86182460, 66851190
149329050, 0, 117366332, 38114918
148395552, 0, 148720120, 9019896
187466904, 0, 112368180, 0
217159767, 0, 78598755, 0
246675117, 0, 50176095, 0
275768034, 0, 21374388, 0
297510198, 0, 0, 0
297510198, 0, 0, 0
297510198, 0, 0, 0
297510198, 0, 0, 0
297510198, 0, 0, 0
297510198, 0, 0, 0
297510198, 0, 0, 0
297510198, 0, 0, 0
297510198, 0, 0, 0
297510198, 0, 0, 0
297510198, 0, 0, 0
297510198, 0, 0, 0
297510198, 0, 0, 0
297510198, 0, 0, 0
297510198, 0, 0, 0
268117590, 0, 29392608, 0
238964054, 0, 58927360, 0
180381378, 0, 89961970, 28806531
149228643, 29647156, 119657979, 0
90881652, 58402987, 149757576, 0
4072583, 88403008, 180127218, 28419378
598341, 92746962, 187835024, 28379702
598341, 92462568, 187946526, 28419378
598341, 92086170, 191326678, 28588144
598341, 94759038, 192887989, 28756897
598341, 95529984, 193454272, 28965339
598341, 95266974, 194397794, 29054675
598341, 92577672, 192030216, 29074539
598341, 92909718, 192553483, 29153943
598341, 92968920, 192270483, 29412032
598341, 93106992, 192724981, 29392181
598341, 92054952, 190666156, 29372343
598341, 91643970, 192810730, 29382249
221393, 60164456, 226367058, 29660202
221393, 61077368, 227368005, 29431883
221393, 61685580, 224671890, 29789227
221393, 61664724, 228884958, 29441815
221393, 61638456, 230361690, 29372343
221393, 62105296, 233791593, 29551015
221393, 62150220, 232948914, 29074539
221393, 62334316, 233910621, 28945488
221393, 62576536, 236408574, 29054675
221393, 62270780, 237449415, 29104309
221393, 61757916, 238500066, 29134092
221393, 62190788, 237855876, 29699904
221393, 62051616, 239679882, 30116814
221393, 62765032, 240175287, 30096950
221393, 64303668, 240314262, 30226001
221393, 64548044, 243545676, 30593290
221393, 65238448, 246747660, 30642911
728628, 26034541, 278989584, 30444388
546774, 0, 304831604, 30811664
546774, 0, 301771371, 31129306
546774, 0, 319821821, 31099536
546774, 0, 328766867, 31159089
546774, 0, 334146186, 30732260
546774, 0, 332505162, 30881149
546774, 0, 323301264, 30623060
546774, 0, 322758326, 30682613
546774, 0, 331444113, 30771962
546774, 0, 322129104, 30315350
546774, 0, 328618719, 30632979
30455120, 0, 319155969, 0
190652, 0, 346101352, 0
34529008, 0, 298594400, 0
67418502, 0, 253106106, 0
35850593, 0, 304129855, 0
2412976, 0, 340597122, 0
29467, 0, 350375823, 0
29467, 0, 345389436, 0
29467, 0, 339319953, 0
29467, 0, 339854886, 0
33689819, 0, 303708176, 0
66813987, 0, 265746166, 0
99968441, 0, 221269943, 0
131555080, 0, 193927272, 0
163720456, 0, 165315072, 0
196428472, 0, 131575428, 0
228988384, 0, 98419734, 0
261244762, 0, 69888819, 0
228538942, 0, 103568430, 0
195330214, 0, 138369700, 0
162524392, 0, 172830672, 0
96282846, 32741254, 205787508, 0
95213987, 0, 233552221, 0
127924216, 0, 196261374, 0
159668782, 0, 163257768, 0
191370102, 0, 127542520, 0
222505502, 0, 100240800, 0
190997248, 0, 132949462, 0
158622472, 0, 165728020, 0
94097648, 32248476, 201530368, 0
29230938, 64921740, 239803216, 0
583725, 93414825, 243948696, 0
583725, 93405450, 245922720, 0
678498, 58408272, 275182992, 0
171673, 25432785, 312137528, 0
742087, 0, 333497738, 0
742087, 0, 331073106, 0
742087, 0, 328242068, 0
742087, 0, 330211168, 0
33357523, 0, 282667112, 0
64619695, 0, 246284916, 0
95502781, 0, 212415372, 0
126194438, 0, 180407057, 0
156342478, 0, 151493901, 0
125761174, 0, 188192640, 0
157056294, 0, 156475600, 0
126362670, 0, 188096824, 0
157560790, 0, 155210647, 0
126792109, 30460825, 121366290, 30840256
97573799, 61188150, 91169351, 60490083
67952879, 92282850, 60217671, 90006452
159708409, 54947232, 29544450, 57273210
188741789, 26705231, 0, 87083370
129439399, 57574992, 0, 117261660
70805879, 86818316, 0, 144506100
871053, 118334902, 29837486, 158557840
83067, 119616350, 30731454, 158373760
83067, 119350280, 30653415, 160153280
83067, 120243648, 31220904, 160521520
83067, 118222594, 30852042, 159232880
649944, 118378806, 0, 189671965
649944, 118344604, 0, 188068840
649944, 119701708, 0, 191858010
649944, 119560196, 0, 190619305
649944, 123585154, 0, 187486015
649944, 124019588, 0, 184862780
649944, 122096240, 0, 186174350
649944, 123348386, 0, 186611540
31416552, 122948056, 0, 151910127
31306473, 150645357, 0, 120128778
31950945, 180138357, 0, 88286022
32823297, 207138114, 0, 58017213
31984608, 235840995, 0, 30067088
31244493, 267556680, 0, 1905411
63180211, 232969362, 0, 0
92319111, 196978964, 0, 0
121087511, 165705984, 0, 0
148827719, 138701040, 0, 0
176934244, 106804795, 0, 0
205241869, 79261350, 0, 0
233322844, 50545755, 0, 0
260749828, 23998611, 0, 0
284427286, 0, 0, 0
284427286, 0, 0, 0
284427286, 0, 0, 0
284427286, 0, 0, 0
256187482, 0, 28239804, 0
228052438, 0, 56270088, 0
200156738, 0, 85281140, 0
172245148, 0, 113241308, 0
144297473, 0, 141335385, 0
61230118, 27626956, 171615908, 27107584
210773, 56239683, 200712447, 30881392
210773, 56264264, 202329803, 30992432
210773, 56313473, 207084306, 31251504
210773, 57377553, 206185967, 31115808
210773, 59499838, 212071236, 31374896
210773, 60106232, 212475575, 31029424
210773, 60403554, 215455383, 30363200
210773, 60108582, 216331492, 30141120
210773, 61725194, 218877321, 30572928
210773, 62090431, 218008622, 30511248
210773, 61711141, 214788977, 30449552
210773, 61772006, 215171086, 30227472
210773, 61549602, 212460508, 30215136
30290197, 61529721, 211539445, 0
367243, 91069860, 208634231, 0
367243, 93838500, 216346559, 0
367243, 93162020, 216533785, 0
367243, 92405390, 216556262, 0
367243, 93510690, 220187656, 0
367243, 93944830, 221153673, 0
367243, 94389400, 223534753, 0
367243, 94722460, 224732703, 0
367243, 94309250, 226357469, 0
367243, 104860700, 235664429, 0
367243, 107695560, 238105530, 0
367243, 105973000, 231733671, 0
367243, 105999180, 232512215, 0
367243, 106698270, 231755901, 0
367243, 106792420, 230221043, 0
367243, 107484580, 231246834, 0
367243, 107850750, 230655269, 0
367243, 107479330, 230490767, 0
367243, 107847250, 228551323, 0
367243, 106996400, 225361565, 0
367243, 107223060, 227757712, 0
367243, 107327710, 231636106, 0
367243, 108126200, 234211822, 0
367243, 108839290, 238307576, 0
367243, 108980480, 237453944, 0
367243, 109275110, 238569890, 0
367243, 108935120, 236667743, 0
367243, 108596950, 238128007, 0
367243, 107604910, 237094806, 0
367243, 105181440, 230640449, 0
367243, 103818050, 229899202, 0
33225351, 69784800, 192905484, 32039376
129736041, 37789102, 159414500, 0
130635015, 5943320, 195410611, 0
169065161, 0, 161789724, 0
136767745, 0, 197584192, 0
169523860, 0, 161908797, 0
137078034, 0, 197537823, 0
103656709, 0, 231084590, 0
70997533, 0, 265115664, 0
37984658, 0, 293342975, 0
1333284, 0, 330903300, 4040614
368839, 0, 333697970, 4172506
368839, 0, 332953032, 4192678
368839, 0, 335795422, 4164748
368839, 0, 333760596, 4169404
368839, 0, 336697790, 4225264
368839, 0, 335386450, 4201988
368839, 0, 336225500, 4242334
368839, 0, 337389790, 4228368
368839, 0, 335942472, 4285780
368839, 0, 336015824, 4321470
368839, 0, 336949332, 4343194
368839, 0, 336278092, 4329226
368839, 0, 337956192, 4315262
368839, 0, 340043610, 4355606
368839, 0, 341050470, 4374226
368839, 0, 339413890, 4391294
368839, 0, 340547040, 4355606
368839, 0, 341375364, 4346296
368839, 0, 341186794, 4340088
368839, 0, 339477208, 4321470
368839, 0, 338323644, 4330778
368839, 0, 345675798, 4341640
368839, 0, 347479842, 4358710
368839, 0, 350322578, 4344744
368839, 0, 350039204, 4471982
368839, 0, 352545974, 4437848
368839, 0, 359185368, 4378882
368839, 0, 358335938, 4361812
368839, 0, 361251680, 4430088
368839, 0, 362573054, 4374226
368839, 0, 365509902, 4391294
368839, 0, 357297592, 4447156
368839, 0, 355399090, 4417674
368839, 0, 348937886, 4399054
39381527, 0, 308021864, 0
782882, 33483890, 323252516, 0
782882, 33967714, 327036300, 0
782882, 33780868, 329383232, 0
782882, 33796752, 328770192, 0
91576, 0, 355581442, 0
91576, 0, 358988380, 0
91576, 0, 365029221, 0
91576, 0, 364278173, 0
91576, 0, 363347041, 0
91576, 0, 366584365, 0
91576, 0, 372276206, 0
91576, 0, 375788891, 0
91576, 0, 378920468, 0
91576, 0, 375090542, 0
91576, 0, 377534240, 0
91576, 0, 379999576, 0
91576, 0, 380761094, 0
91576, 0, 384178502, 0
91576, 0, 379068444, 0
91576, 0, 370879857, 0
37044388, 0, 321284171, 0
72357570, 0, 289775817, 0
107697544, 0, 254655695, 0
71813366, 0, 294461343, 0
35408682, 0, 335137238, 0
464883, 0, 366380438, 0
464883, 0, 369328012, 0
464883, 0, 377131696, 0
464883, 0, 377593260, 0
464883, 0, 372726424, 0
464883, 0, 373145776, 0
464883, 0, 369695118, 0
37246418, 0, 326830211, 0
967466, 0, 368124660, 0
967466, 0, 369766515, 0
37617436, 0, 324614020, 0
73631728, 0, 274108778, 0
108122450, 0, 243463920, 0
143206380, 0, 205491590, 0
177148827, 0, 176912148, 0
212315673, 0, 142736022, 0
247275357, 0, 106935504, 0
281785008, 0, 74248037, 0
246618096, 0, 110829056, 0
211561239, 0, 145539073, 0
176452374, 0, 180863850, 0
141576588, 0, 214538926, 0
106712814, 0, 249328808, 0
106850584, 35375400, 210990010, 0
106887264, 70258224, 173760384, 0
141630644, 34017888, 137660344, 34203252
175075040, 0, 103498639, 69388254
174134958, 0, 69690548, 104281485
174080966, 0, 34534004, 138351984
173707289, 0, 0, 172343025
139689779, 0, 0, 204105060
105685546, 0, 0, 238029631
139411183, 0, 0, 202353822
173070469, 0, 0, 168296430
206345011, 0, 0, 133098168
239712424, 0, 0, 100102239
174330520, 0, 33215584, 134696465
106452439, 0, 68039552, 167299860
39301006, 0, 101661400, 201867589
1220522, 0, 134908036, 210527262
159072, 0, 135865600, 212054546
159072, 0, 134546304, 214707311
159072, 0, 135857792, 208356846
34203119, 0, 134363904, 172222826
425903, 0, 168886080, 173229628
425903, 0, 169550720, 174907488
425903, 0, 168182880, 173095382
425903, 0, 168139200, 173632280
425903, 0, 168595200, 173363874
34483227, 0, 169492480, 138232668
34446117, 0, 202098816, 102917256
34419950, 0, 235333952, 69161995
100658462, 0, 198181824, 35161632
166598580, 0, 160648830, 1917524
201132105, 0, 129410460, 0
234101289, 0, 97877265, 0
267134505, 0, 65034144, 0
299652617, 0, 31501921, 0
331077472, 0, 0, 0
331077472, 0, 0, 0
331077472, 0, 0, 0
331077472, 0, 0, 0
331077472, 0, 0, 0
298390545, 0, 32686927, 0
265921641, 0, 64937808, 0
233397278, 0, 97573089, 0
265671657, 0, 64548758, 0
298463305, 0, 30742170, 0
328659835, 0, 0, 0
328659835, 0, 0, 0
328659835, 0, 0, 0
328659835, 0, 0, 0
328659835, 0, 0, 0
328659835, 0, 0, 0
328659835, 0, 0, 0
328659835, 0, 0, 0
328659835, 0, 0, 0
295981806, 0, 0, 32678029
264861518, 0, 0, 64185594
233879486, 0, 0, 94882473
202922606, 0, 0, 125762325
235373600, 0, 0, 91626336
203700288, 0, 0, 126693248
138750864, 0, 32521984, 162137200
74146016, 0, 64807296, 193207200
8905440, 0, 97685280, 228751712
78617, 7786260, 100934611, 228927664
78617, 7956774, 102748899, 229015696
78617, 8000412, 103434107, 231655088
78617, 8168382, 105033637, 235526256
78617, 7950048, 105771710, 236846064
78617, 7879662, 104092737, 234294480
78617, 7980234, 104019211, 233502752
78617, 8043750, 105274779, 234294480
78617, 7904472, 105201350, 232886752
78617, 8930820, 107303728, 235614288
78617, 8890770, 109914871, 233942576
78617, 9004494, 110811733, 242300800
78617, 8896902, 113766935, 238077728
78617, 9070848, 113881589, 238429632
78617, 9238818, 115648735, 242212880
78617, 9250026, 117177843, 245556192
78617, 9302928, 118621591, 247051952
78617, 9074286, 115439991, 240453248
78617, 9129876, 115213593, 243884480
78617, 9021534, 114819579, 241069136
78617, 9067560, 116663258, 239925392
78617, 8852814, 114357956, 235790240
78617, 8983872, 115434171, 236846064
34719738, 8630448, 110964605, 193582735
34400978, 43265820, 109861909, 157348464
135354384, 6799760, 69597190, 117304342
101777759, 39988788, 106575320, 90424485
199987644, 5469596, 70559680, 53228756
204396328, 0, 105354120, 23745552
194915446, 0, 139423308, 0
162371746, 0, 174341250, 0
128923349, 0, 206457347, 0
95478490, 0, 239880368, 0
128767960, 0, 197517522, 0
161146210, 0, 159732700, 0
192481232, 0, 128581642, 0
224192268, 0, 103060867, 0
256122264, 0, 71842491, 0
287843464, 0, 39651500, 0
255285316, 0, 73255833, 0
223366969, 0, 106394490, 0
160344517, 0, 138319857, 31102485
96139085, 0, 169153955, 63082440
32718635, 0, 199825380, 93236310
33875258, 0, 164415645, 122370420
33042965, 0, 197997628, 90746190
1618988, 0, 231606349, 92489265
454500, 0, 232897600, 93271815
1973412, 0, 196819428, 122085840
821656, 0, 199253788, 122797260
821656, 0, 201708139, 123508800
821656, 0, 204162490, 125690520
821656, 0, 206081925, 128014620
821656, 0, 210036186, 128631240
821656, 0, 215873033, 129058080
821656, 0, 216827474, 127967220
821656, 0, 216140491, 123271620
34498826, 0, 210728359, 85183430
34329360, 0, 243894599, 53487270
33387169, 33118975, 243212825, 22121539
23469163, 65822386, 240854277, 0
23903659, 31611888, 271991452, 0
23467999, 0, 299546940, 0
54678352, 0, 261242214, 0
85338688, 0, 225978032, 0
115827142, 0, 194222744, 0
116086918, 0, 166261785, 30699315
115741063, 0, 134987870, 62465820
114882322, 0, 102012547, 93378600
84940412, 30771930, 76611925, 125647875
930955, 62232434, 110423495, 147271323
930955, 62841934, 110947655, 147053214
930955, 64043776, 112669011, 148253193
930955, 67789096, 116412387, 148744128
930955, 66727002, 115857924, 147162303
930955, 67655052, 116478635, 148962237
930955, 66531088, 109962853, 147980436
1223428, 66871396, 76694336, 179552520
1173892, 67652752, 44065224, 212554584
1173892, 68332172, 45512109, 212789313
1173892, 66812930, 44614822, 209815452
1173892, 67173846, 44932245, 208093743
1173892, 68589956, 45390971, 213258870
1173892, 68758362, 45420164, 211145913
1173892, 67899082, 45401072, 208406781
63243433, 66296212, 13221846, 172580268
32174073, 97591530, 44574455, 141871452
922461, 130959136, 45209301, 144707766
32048661, 130660992, 44891841, 112054320
230616, 165150805, 44834639, 114402132
230616, 166239497, 45563724, 115938864
63650460, 163147276, 11982570, 80773953
75364836, 192678720, 0, 49858848
15279394, 227279250, 0, 80835614
11624, 244284320, 0, 80385010
11624, 245703040, 0, 80929816
31157159, 243674560, 0, 47756487
31738214, 269381700, 0, 16273256
16743976, 297810846, 0, 0
47129422, 260446680, 0, 0
77465707, 229689015, 0, 0
107284699, 195953376, 0, 0
136731823, 164062548, 0, 0
166031483, 142103351, 0, 0
196521026, 110343108, 0, 0
166663446, 143316384, 0, 0
136089546, 177328620, 0, 0
74472494, 210134688, 30714892, 0
12331038, 243092304, 61951552, 0
270699, 253236963, 62811996, 0
270699, 253082765, 62513129, 0
270699, 250102799, 62765356, 0
270699, 254718796, 63240978, 0
270699, 253894668, 62954937, 0
270699, 253992142, 62468185, 0
31388577, 250922852, 29965364, 0
30394081, 282381078, 0, 0
772017, 314929312, 0, 0
772017, 312851338, 0, 0
772017, 317148080, 0, 0
772017, 314858814, 0, 0
772017, 316810942, 0, 0
772017, 318541678, 0, 0
772017, 322118694, 0, 0
772017, 321842156, 0, 0
772017, 323200404, 0, 0
772017, 324961440, 0, 0
772017, 334777226, 0, 0
772017, 336221122, 0, 0
772017, 331557144, 0, 0
772017, 327034162, 0, 0
1368140, 280611178, 31960975, 0
1616396, 249877152, 62867784, 0
2055316, 219826896, 93507525, 0
531858, 189754741, 123908576, 2230086
1121826, 157220640, 153986778, 2249997
1534838, 126812061, 186679090, 2250793
234027, 127685646, 189918406, 2248404
234027, 129029274, 189316448, 2239643
305115, 87570240, 216597680, 2366280
1129997, 56874987, 250061801, 2367872
928430, 26044218, 276552829, 2336811
733546, 0, 319546832, 2354333
733546, 0, 318094488, 2349554
733546, 0, 319990276, 2328050
733546, 0, 324089832, 2358316
733546, 0, 326572080, 2351944
733546, 0, 326364636, 2380617
733546, 0, 325599288, 2385395
733546, 0, 328861516, 2408492
733546, 0, 331930696, 2405307
733546, 0, 335407448, 2417253
733546, 0, 341023540, 2441943
733546, 0, 352820708, 2450705
733546, 0, 352999832, 2429201
733546, 0, 359567240, 2435573
733546, 0, 364474860, 2425150
733546, 0, 356040220, 2409116
733546, 0, 359288052, 2508527
733546, 0, 359223624, 2505320
733546, 0, 368330864, 2520553
733546, 0, 367036168, 2506924
733546, 0, 369432748, 2514941
733546, 0, 373739276, 2523760
733546, 0, 376136092, 2513337
733546, 0, 383039800, 2555026
733546, 0, 388069196, 2544604
733546, 0, 389521540, 2588697
733546, 0, 390029412, 2571862
733546, 0, 381430280, 2549414
733546, 0, 379355368, 2530173
733546, 0, 379663112, 2552620
733546, 0, 387747292, 2566249
733546, 0, 390022332, 2564646
733546, 0, 394908476, 2568655
733546, 0, 406426456, 2619162
733546, 0, 421793832, 2627179
733546, 0, 418917936, 2633593
733546, 0, 418925016, 2613550
733546, 0, 430035424, 2581483
733546, 0, 433512412, 2564646
733546, 0, 431037008, 2558233
733546, 0, 428776364, 2565448
733546, 0, 426422500, 2566249
733546, 0, 434241888, 2612748
733546, 0, 439607584, 2607137
733546, 0, 441853832, 2580680
733546, 0, 436302404, 2575069
733546, 0, 428926696, 2586292
733546, 0, 442576700, 2588697
3294183, 0, 450224280, 0
130293, 3163890, 446640148, 0
130293, 3149792, 453343492, 0
130293, 3142420, 455167772, 0
1347824, 0, 451499931, 0
1347824, 0, 449890464, 0
1347824, 0, 447426375, 0
1347824, 0, 434824611, 0
43554584, 0, 374584995, 0
2892996, 0, 434339690, 0
1048865, 0, 435214916, 0
43787465, 0, 377524300, 0
43888121, 0, 326544720, 41585904
42547397, 0, 285954900, 82402208
42365437, 0, 239480181, 122833632
951531, 0, 299564406, 126492667
951531, 0, 298434780, 126139034
1972739, 0, 254084216, 166649860
1616485, 0, 205353176, 207931212
1144095, 0, 164115054, 248926153
1209498, 0, 124344430, 288083782
1036160, 0, 82895686, 328460703
81899152, 0, 39410684, 280655275
160920230, 0, 0, 238350146
200043318, 0, 0, 198060633
239499910, 0, 0, 160292405
278930838, 0, 0, 120757217
316402413, 0, 0, 84935570
355756397, 0, 0, 44273232
394761757, 0, 0, 4875670
360426070, 39161325, 0, 0
321630870, 77590400, 0, 0
360511114, 35889456, 0, 0
322272589, 74947509, 0, 0
361178755, 34416993, 0, 0
396091835, 0, 0, 0
396091835, 0, 0, 0
396091835, 0, 0, 0
396091835, 0, 0, 0
357466325, 0, 38625510, 0
318936845, 0, 77058960, 0
358050507, 0, 35712474, 0
393973065, 0, 0, 0
393973065, 0, 0, 0
355861761, 0, 38111304, 0
317733099, 0, 76257324, 0
279030897, 0, 116106606, 0
240938909, 0, 152367952, 0
202514149, 0, 192123800, 0
164356161, 0, 228947928, 0
126240193, 0, 266811776, 0
49190751, 0, 306315152, 38760048
492493, 0, 351597114, 48159560
492493, 0, 352575432, 49547520
492493, 0, 351572958, 49918740
492493, 0, 346729284, 48643720
492493, 0, 349388226, 49547520
492493, 0, 342587718, 48207960
492493, 0, 343344078, 48450060
492493, 0, 344826504, 48692140
2238697, 0, 303604752, 84476910
793938, 1444759, 311581072, 86397465
793938, 1445756, 316126624, 86312765
793938, 1464087, 319802736, 86877665
793938, 1484236, 325420656, 86708160
793938, 1459479, 323254624, 85267770
793938, 1459554, 327528080, 84731115
41592357, 1448819, 324497888, 43198326
42899700, 0, 362791044, 2364401
5268705, 0, 399413300, 0
960954, 4307751, 403461520, 0
960954, 4295796, 404755120, 0
960954, 4309320, 404775140, 0
960954, 4339434, 404321720, 0
960954, 4431339, 409696980, 0
960954, 4564041, 403014480, 0
960954, 4599084, 402700980, 0
960954, 4539759, 400760360, 0
41049333, 4542897, 343365681, 0
41196908, 42774844, 304972500, 0
40492703, 82236544, 273174902, 0
1121528, 121263219, 277782582, 0
1121528, 121391655, 285126072, 0
1121528, 121336061, 283282076, 0
1121528, 120582385, 283739456, 0
1121528, 122994949, 287432222, 0
1121528, 123280696, 290630032, 0
1121528, 122843490, 289864344, 0
1121528, 123167583, 289374162, 0
1121528, 123190606, 291024426, 0
1121528, 123123462, 291479188, 0
1121528, 126577451, 295370614, 0
1121528, 128236339, 296163098, 0
1121528, 128021586, 295759926, 0
1121528, 129043761, 298343122, 0
1121528, 129862656, 303861404, 0
1121528, 129555811, 311850462, 0
1121528, 128399348, 307588666, 0
1121528, 129870356, 313594512, 0
1121528, 129797437, 310668974, 0
1121528, 130148403, 310945558, 0
1121528, 128343754, 316787394, 0
1121528, 129883754, 316374828, 0
1121528, 131947354, 315751282, 0
1121528, 130733372, 311250324, 0
1121528, 131387333, 311892812, 0
1121528, 130610634, 316454446, 0
1121528, 130549265, 314232226, 0
1121528, 134131690, 317063978, 0
1121528, 135426214, 319019008, 0
1121528, 134394414, 310720564, 0
1121528, 132748924, 309712634, 0
1121528, 132497750, 314025712, 0
1121528, 135405116, 320209890, 0
1121528, 136103198, 324101316, 0
1121528, 136160717, 328086682, 0
1121528, 137752538, 329085064, 0
1121528, 139520766, 329174230, 0
1121528, 139639654, 327580176, 0
1121528, 140765394, 328231750, 0
1121528, 143716958, 323871548, 0
1121528, 143674762, 315784084, 0
45673618, 144499355, 267312540, 0
453130, 190302887, 273798492, 0
45133788, 189799806, 223403290, 0
45659288, 235269912, 176657096, 0
44702360, 279040384, 132878592, 0
45994373, 324751401, 89944052, 0
44744049, 373026030, 44660572, 0
44477845, 416806844, 0, 0
1064770, 454893525, 0, 0
1064770, 446639998, 0, 0
1064770, 446922209, 0, 0
1064770, 451075844, 0, 0
1064770, 447036202, 0, 0
1064770, 444773212, 0, 0
1064770, 447006077, 0, 0
1064770, 453482711, 0, 0
46071056, 372167365, 0, 0
86825696, 324339010, 0, 0
127393832, 282286613, 0, 0
168062384, 242316789, 0, 0
208548632, 200744313, 0, 0
249062360, 160366840, 0, 0
289420088, 119391612, 0, 0
330085664, 79636753, 0, 0
328709517, 41101320, 0, 40764912
327379901, 1713377, 0, 81474574
288164118, 0, 0, 122750421
249355238, 0, 0, 162512185
289512536, 0, 0, 118109700
329296990, 0, 0, 77228646
369109069, 0, 0, 37470192
405786445, 0, 0, 0
405786445, 0, 0, 0
405786445, 0, 0, 0
405786445, 0, 0, 0
405786445, 0, 0, 0
405786445, 0, 0, 0
405786445, 0, 0, 0
405786445, 0, 0, 0
405786445, 0, 0, 0
366120863, 0, 39665582, 0
326774897, 0, 78691932, 0
248388509, 39164216, 117666516, 0
169099272, 79270190, 158616568, 0
89713331, 120018945, 196898130, 0
10444897, 159310328, 236645112, 0
118159, 168670054, 232470876, 0
39665383, 167886544, 177962508, 0
40288989, 206564760, 142259740, 0
40307709, 241987454, 101113196, 0
40018828, 279972764, 63194313, 0
39915856, 322839084, 26492032, 0
28068430, 361376496, 0, 0
65390, 392042560, 0, 0
65390, 391629504, 0, 0
65390, 402129504, 0, 0
65390, 402291232, 0, 0
65390, 401755648, 0, 0
65390, 403010944, 0, 0
65390, 399256256, 0, 0
65390, 395836224, 0, 0
65390, 395484768, 0, 0
65390, 394045344, 0, 0
65390, 390541760, 0, 0
65390, 394653504, 0, 0
65390, 403507328, 0, 0
65390, 403741856, 0, 0
65390, 411719840, 0, 0
65390, 409923360, 0, 0
65390, 409114496, 0, 0
65390, 411803616, 0, 0
65390, 413678048, 0, 0
65390, 412846784, 0, 0
65390, 403507328, 0, 0
65390, 404444768, 0, 0
65390, 399010752, 0, 0
1102461, 357875118, 0, 37939427
1766390, 315845640, 0, 75878854
2479679, 276596854, 0, 113400591
632852, 293645493, 0, 115321914
632852, 298678956, 0, 115405503
632852, 298465101, 0, 116449677
632852, 297300744, 0, 116574984
632852, 298468917, 0, 116992623
632852, 298528383, 0, 116324370
632852, 299265030, 0, 114653661
632852, 307149681, 0, 116658522
632852, 300583776, 0, 114611841
632852, 303244959, 0, 114862455
632852, 304999365, 0, 114194202
632852, 306496191, 0, 113943588
632852, 311018787, 0, 115071300
632852, 309850455, 0, 116366139
632852, 309169299, 0, 116449677
632852, 310024719, 0, 117076212
632852, 311989005, 0, 117117930
632852, 313996698, 0, 116992623
632852, 319525128, 0, 118129719
632852, 313826409, 0, 117371706
632852, 315042282, 0, 115771377
632852, 316697631, 0, 116908422
43575075, 313157178, 0, 72323744
42930273, 354230640, 0, 31641638
42930273, 358556940, 0, 32150314